case,attempt,sizing_radius_m,standoff_margin,asymptote_margin_deg,status,n_cells,h_m,solver_wall_time_s,total_wall_time_s,verdict,shock_clearance_ok,outer_outlet_min_mach,outer_outlet_n_faces,outer_outlet_mach_deficit_rel,p_stag_rel_error_vs_rayleigh_pitot,reasons,cd_total,cd_fore,cd_aft,mesh_extent,outlet_min_mach,cd_total_last_iteration,standoff_m,standoff_over_max_radius,upstream_clearance_fraction,shock_thickness_m,shock_thickness_cells,stagnation_line_cell_size_at_shock_m,p_stag_wall_face_pa,p_stag_line_extrapolated_pa,p_max_on_body_pa,p_stag_over_p_inf,final_mean_abs_drho_dtau,initial_mean_abs_drho_dtau,n_iterations,n_iterations_planned,n_extensions,startup_first_order_iterations,cd_fore_peak_to_peak_rel,cd_fore_drift_rel,cd_fore_converged,max_non_orthogonality_deg,max_skewness,patience_pass,restart_source_case,restart_source_iteration,max_co,restart_blocks_run,courant_pass,restart_consecutive_passes_required,restart_passed_in_a_row
sc1p2_coarse_a0,0,0.6,2.0,24.880808791103146,OK,3072,0.009290084108501328,362.13113899999007,401.47520699999586,USABLE,True,6.000000001594894,2.0,-2.6581559176008795e-10,-0.010711385062919465,,0.8869041670533978,0.8869041670533978,,forebody,1.9352463607791859,0.8869316047787491,0.09036802713145142,0.15061337855241905,0.5187053721044876,0.006895800054579279,1.5565943237393358,0.004430056020000003,46309.42294,46313.75002087287,46435.00341,46.31375002087287,4.6891225914,35.42871179,15000.0,10000.0,1.0,1500.0,0.0003940034723075337,2.2157907607631732e-05,True,42.74932093,1.062392017,,,,,,,,
dp000_coarse_a0,0,0.6,2.0,15.626892663754035,OK,3072,0.018464292323261543,275.0823490000039,312.00665174997994,USABLE,True,3.000000000124821,2.0,-4.160694011545729e-11,-0.0084291910226576,,0.3894280396501196,0.3894280396501196,,forebody,1.7938840957485551,0.3895019377386495,0.06618330382631298,0.11030550637718829,0.7309176907879671,0.006725684393626578,1.5565504317589067,0.004320890770000002,11948.89153,11959.300525882116,11948.89153,11.959300525882115,0.18036525218,2.96789717,10000.0,10000.0,0.0,1500.0,0.0006232099089711063,4.374997077752412e-05,True,51.50941665,0.9875025804,,,,,,,,
sc3_coarse_a0,0,1.5,2.0,24.880808791103146,OK,3072,0.02322521027125286,102.44908250001026,112.49233766699035,USABLE,True,6.000000001594894,2.0,-2.6581559176008795e-10,-0.010740379384133858,,0.8869041471454786,0.8869041471454786,,forebody,1.9352267763948074,0.88693302358191,0.22592056260081675,0.1506137084005445,0.5187043180538294,0.017235903234036398,1.556269544078852,0.011075140099999992,46308.15946,46312.392645760614,46433.8906,46.31239264576062,1.8737440397,14.171484711,15000.0,10000.0,1.0,1500.0,0.00039324053953627714,2.2120977071672585e-05,True,42.74932063,1.062392007,,,,,,,,
dp002_coarse_a0,0,0.6,2.0,15.626892663754035,OK,3072,0.01864027922275626,276.7504234579974,312.81535870603693,USABLE,True,3.000000000124821,2.0,-4.160694011545729e-11,-0.008608012736028181,,0.38838640386804985,0.38838640386804985,,forebody,1.8956114137692694,0.3883787731201386,0.06616964281811054,0.11028273803018424,0.7309732325246401,0.006730580243174106,1.5576833848758127,0.00432089108,11946.7061,11957.143763509332,11946.7061,11.957143763509333,0.17718156597,2.894149254,10000.0,10000.0,0.0,1500.0,0.0003304137210357296,3.093462145062271e-06,True,51.62825285,0.9971405003,,,,,,,,
dp004_coarse_a0,0,1.2,2.0,6.0,OK,3072,0.014822091797463686,306.6288735419803,338.6340197919926,USABLE,True,3.000000000124821,2.0,-4.160694011545729e-11,0.005867179772460318,,1.4473356343396022,1.4473356343396022,,forebody,1.2999162757471183,1.4472762212659946,0.19819528895509184,0.33032548159181974,0.5970974328590475,0.01650353995960005,1.5534856231835843,0.010623554999999979,12128.54732,12131.72854939825,12154.08853,12.13172854939825,0.19415274762,5.8791728166,15000.0,10000.0,1.0,1500.0,0.0005144206612572394,4.8815161693715166e-05,True,67.30335923,1.657142083,,,,,,,,
dp003_coarse_a0,0,0.6,2.0,24.342995834370537,SOLVER_FAILED,3072,0.015721278310321208,43.06969087499601,71.10110479299328,SOLVER_FAILED,,,,,,rhoCentralFoam returned -4,,,,,,,,,,,,,,,,,,,,,,,,,,51.66791355,0.930994606,,,,,,,,
dp003_coarse_a1,1,0.6,3.2,28.342995834370537,SOLVER_FAILED,3072,0.017595332049762717,67.96949962500366,99.01024300100107,SOLVER_FAILED,,,,,,rhoCentralFoam returned -4,,,,,,,,,,,,,,,,,,,,,,,,,,51.6590382,0.9333173093,,,,,,,,
dp003_coarse_a2,2,0.6,5.120000000000001,32.34299583437054,OK,3072,0.020451852945703806,141.97376820800127,180.00094608399377,USABLE,True,20.00000000083214,2.0,-4.1607162160062217e-11,-0.013833480052428349,,0.35180009344534763,0.35180009344534763,,forebody,2.523211368410579,0.35172613759010013,0.0408076764777118,0.06801279412951967,0.9078560483434907,0.008760823811296448,1.6042741145119124,0.0054609269899999965,506982.4189,508353.0866630015,506982.4189,508.35308666300153,1.7215559879,16.489838983,10000.0,10000.0,0.0,1500.0,0.0007356229866837379,1.2179320450720172e-05,True,51.64029334,0.9333248366,,,,,,,,
dp005_coarse_a0,0,1.2,2.0,6.0,OK,3072,0.011333668106883927,204.56877029199677,240.34308204399713,USABLE,True,20.00000000083214,2.0,-4.1607162160062217e-11,-0.007586859382052058,,1.5514834692305306,1.5514834692305306,,forebody,1.4681271658729353,1.5509558417778377,0.10857579359460437,0.1809596559910073,0.6861891553091443,0.010231987714352173,1.5869636847852313,0.006447524800000007,511527.0957,511573.1198265361,512721.751,511.57311982653613,2.5573133169,82.768192981,10000.0,10000.0,0.0,1500.0,0.0006968080469338186,9.65993404331154e-05,True,67.43657606,1.389344046,,,,,,,,
dp007_coarse_a0,0,1.2,2.0,6.0,OK,3072,0.011999330928533503,124.92168675000721,138.17478591602412,USABLE,True,20.00000000083214,2.0,-4.1607162160062217e-11,-0.008782632505969779,,1.3749329519556486,1.3749329519556486,,forebody,1.7059797638814116,1.374873923465512,0.10184238716727255,0.16973731194545424,0.7056503619801019,0.009578090657733476,1.5300143153118937,0.006260131399999994,510847.3928,510956.7178840685,512098.801,510.9567178840685,3.904973318,67.967779253,15000.0,10000.0,1.0,1500.0,0.0002977664818204245,9.291590840874684e-05,True,57.061521,0.8459456495,,,,,,,,
dp006_coarse_a0,0,1.2,2.0,6.0,OK,3072,0.015585385609736145,117.98110866600473,131.22503729000164,USABLE,True,3.000000000124821,2.0,-4.160694011545729e-11,-0.005858550310076427,,1.274939687633874,1.274939687633874,,forebody,1.4454890674040202,1.2746380177973506,0.18339549845131153,0.30565916408551924,0.6271832821169099,0.015942002571924185,1.591814302652317,0.010014988899999994,11987.4635,11990.304932776196,12012.8675,11.990304932776196,0.088281715095,4.9709037944,15000.0,10000.0,1.0,1500.0,0.0006225224826666766,2.5802077937822274e-05,True,57.03640152,1.018082677,,,,,,,,
dp001_coarse_a0,0,0.6,2.0,24.342995834370537,SOLVER_FAILED,3072,0.015567306821480277,44.40518591699947,57.957598624998354,SOLVER_FAILED,,,,,,rhoCentralFoam returned -4,,,,,,,,,,,,,,,,,,,,,,,,,,51.55659682,0.9247364894,,,,,,,,
dp001_coarse_a1,1,0.6,3.2,28.342995834370537,OK,3072,0.017437032623591156,567.3160758329905,601.9755477919825,REJECTED,True,20.00000000083214,2.0,-4.1607162160062217e-11,-0.0353085801986206,"force criterion not met (p2p 0.004251189929074203, drift 0.00023988971507752507) after 3 extensions",0.35251894727919064,0.35251894727919064,,forebody,2.384780685533948,0.3522843327638567,0.040345662608118206,0.06724277101353035,0.854238845009752,0.005912217413167407,1.5394450431709144,0.003840486180000005,497420.8994,497283.01561019977,499181.8396,497.28301561019975,1.1275045865,24.263489705,25000.0,10000.0,3.0,1500.0,0.004251189929074203,0.00023988971507752507,False,51.54015858,0.9251280279,,,,,,,,
dp001_coarse_c0,2,0.6,3.2,28.342995834370537,OK,3072,0.017437032623591156,1137.2097551670013,1205.358421959987,REJECTED,True,20.00000000083214,2.0,-4.1607162160062217e-11,0.023873689807601295,"force criterion not met (p2p 0.005972207935364963, drift 0.0002536901359560754) after 9 extensions",0.35252709476358807,0.35252709476358807,,forebody,2.3842425349855407,0.3532877870820617,0.04072169623387288,0.06786949372312147,0.8528803075100073,0.006123020275488555,1.5943346723587344,0.003840486180000005,526047.7893,527790.5303400503,526047.7893,527.7905303400504,1.098887814,24.263489705,55000.0,10000.0,9.0,1500.0,0.005972207935364963,0.0002536901359560754,False,,,True,,,,,,,
dp001_coarse_Co0p1,3,0.6,3.2,28.342995834370537,OK,3072,0.017437032623591156,240.6069012519729,244.44587416895956,REJECTED,True,20.00000000083214,2.0,-4.1607162160062217e-11,-0.005798956675592826,"force criterion not met (p2p 0.001030209854842121, drift 3.505605494187757e-05) after 0 extensions",0.3525259964074865,0.3525259964074865,,forebody,2.3836097604433113,0.35265196763169365,0.04049923838801202,0.0674987306466867,0.8536840051184535,0.006028137964094092,1.5696288650865773,0.003840486180000005,511761.6226,512494.75510931783,511761.6226,512.4947551093178,1.0112599932,1.1000431651,95000.0,40000.0,0.0,,0.001030209854842121,3.505605494187757e-05,False,,,,dp001_coarse_c0,55000.0,0.1,8.0,True,,
dp001_coarse_Co0p05,4,0.6,3.2,28.342995834370537,OK,3072,0.017437032623591156,67.51639624898962,71.30416158097796,USABLE,True,20.00000000083214,2.0,-4.1607162160062217e-11,-0.012514115971833717,,0.3525175966140829,0.3525175966140829,,forebody,2.3840222523639865,0.3524615802135151,0.040480343951969436,0.06746723991994906,0.8537522670986125,0.006005951243433338,1.563851804677847,0.003840486180000005,508461.5533,509033.19776922546,508461.5533,509.03319776922547,0.79875451314,1.0118026465,105000.0,40000.0,0.0,,0.0006891219830981329,2.013269229912313e-05,True,,,,dp001_coarse_Co0p1,95000.0,0.05,2.0,True,,
dp010_coarse_a0,0,0.96,2.0,54.12412101043785,OK,3072,0.015656740643377583,215.9841486660007,233.90843812402454,USABLE,True,3.000000000124821,2.0,-4.160694011545729e-11,0.0032010686942449684,,1.3268807247825016,1.3268807247825016,,forebody,1.3158022322151195,1.3267502323739664,0.2060904811775967,0.34348413529599453,0.47630955074957515,0.014637784174410529,1.4861652981327846,0.009849364799999982,12097.67665,12099.57267779424,12116.28351,12.09957267779424,0.086369832323,3.6734520519,20000.0,10000.0,2.0,1500.0,0.00021101096817955698,9.643964736609632e-05,True,73.31431753,1.288357203,,,,,,,,
dp009_coarse_a0,0,1.62,2.0,6.0,OK,3072,0.0132967090016981,306.52494004201435,320.9298720009683,USABLE,True,20.00000000083214,2.0,-4.1607162160062217e-11,0.01574107086793619,,1.546715257218217,1.546715257218217,,forebody,1.4731421786871872,1.546730154375357,0.18873305515668484,0.31455509192780806,0.5959369504557552,0.01558837874881222,1.5453478075555998,0.010087294699999999,523469.6608,523598.29519820784,524224.2143,523.5982951982079,1.0657721411,52.234305389,25000.0,10000.0,3.0,1500.0,0.0001068192270968807,4.154165879270476e-05,True,67.41008352,1.634454192,,,,,,,,
dp008_coarse_a0,0,1.62,2.0,6.0,OK,3072,0.01785324044159022,256.3574926269939,269.9540648770053,USABLE,True,3.000000000124821,2.0,-4.160694011545729e-11,-0.00048406194273131753,,1.449920403956327,1.449920403956327,,forebody,1.3043772829099556,1.4502428180714426,0.2774488892677661,0.4624148154462769,0.582212031130054,0.023179992166435237,1.616256258397373,0.014341780300000051,12051.98863,12055.126447262113,12063.51983,12.055126447262113,0.10289021879,3.4021139111,20000.0,10000.0,2.0,1500.0,0.0003803942611123289,6.441746087112632e-06,True,67.25503113,1.889553849,,,,,,,,
dp014_coarse_a0,0,1.44,2.0,6.0,OK,3072,0.01700040346337199,254.65981141700468,270.73479537801177,USABLE,True,3.000000000124821,2.0,-4.160694011545729e-11,0.009536707627098906,,1.2753172552637835,1.2753172552637835,,forebody,1.4529747646456912,1.2754151254063737,0.2530286569327234,0.4217144282212057,0.5713575569164971,0.01946778699120727,1.4827100198521592,0.013129868100000025,12173.45323,12175.986595323362,12188.84677,12.175986595323362,0.11051656824,3.8444170376,20000.0,10000.0,2.0,1500.0,0.00015833004497598698,5.433875620856348e-06,True,56.29487459,1.089276087,,,,,,,,
dp013_coarse_a0,0,0.96,2.0,6.0,OK,3072,0.00958329772401668,158.9821657499997,177.0601221260149,USABLE,True,20.00000000083214,2.0,-4.1607162160062217e-11,-0.005789802408268763,,1.3174862221571244,1.3174862221571244,,forebody,1.7619290290681429,1.3170683646672916,0.12630843224099278,0.21051405373498797,0.5436718155485187,0.010246744111774772,1.615977827696658,0.006340894,512475.2462,512499.47398788057,513254.5973,512.4994739878806,4.9478160515,123.26681908,15000.0,10000.0,1.0,1500.0,0.0009055890336354082,7.887464118105832e-06,True,44.8277307,0.9621206942,,,,,,,,
dp012_coarse_a0,0,0.96,2.0,6.0,OK,3072,0.012618635118607857,217.89027987601003,234.744230833021,USABLE,True,3.000000000124821,2.0,-4.160694011545729e-11,0.0005026790311273288,,1.23543602909752,1.23543602909752,,forebody,1.4705994238799553,1.2354228865443557,0.2027827523199807,0.3379712538666345,0.48471472308720864,0.015500837749961666,1.6209018352564961,0.009563094699999997,12065.7273,12067.027495317116,12084.25963,12.067027495317115,0.28114376282,8.8554601012,20000.0,10000.0,2.0,1500.0,0.00035382004563892376,4.4673701528123265e-06,True,47.05884467,0.8326391039,,,,,,,,
dp017_coarse_a0,0,0.6,2.0,29.88614007722539,OK,3072,0.008704547483546097,118.7230951669917,134.41446299997915,USABLE,True,20.00000000083214,2.0,-4.1607162160062217e-11,-0.009530321104259332,,0.8899271755415644,0.8899271755415644,,forebody,2.0500604371707665,0.8897346521103946,0.0792543447354749,0.13209057455912482,0.5418707606278901,0.006122990460459665,1.5450159377258517,0.003963059739999997,510506.0381,510571.29635624844,512013.6263,510.5712963562484,20.942411462,139.25949375,10000.0,10000.0,0.0,1500.0,0.0006112558096904672,5.3340714337659914e-05,True,41.61559387,1.09087579,,,,,,,,
dp016_coarse_a0,0,0.6,2.0,20.311940503518812,OK,3072,0.011202611821744524,119.24305375000404,134.84195450198604,USABLE,True,3.000000000124821,2.0,-4.160694011545729e-11,-0.005809181561404531,,0.8679730902103046,0.8679730902103046,,forebody,1.6681646175486053,0.8678247561549304,0.13001347656728413,0.2166891276121402,0.47140253688120703,0.009603536419428016,1.560065201564341,0.0061558557999999985,11989.63126,11990.900367511273,12020.0469,11.990900367511273,0.96103769783,11.02687998,10000.0,10000.0,0.0,1500.0,0.0009543186897003166,1.9079702659501073e-06,True,45.9720469,1.008058373,,,,,,,,
dp015_coarse_a0,0,1.44,2.0,6.0,OK,3072,0.01281600621856069,288.94508287600183,305.0250873759942,REJECTED,True,20.00000000083214,2.0,-4.1607162160062217e-11,-0.006500330596930226,"force criterion not met (p2p 0.001228164212893789, drift 0.0006536310173034533) after 3 extensions",1.3633737341682224,1.3633737341682224,,forebody,1.7140079610781627,1.3633615673175332,0.17051204192980185,0.28418673654966975,0.5893150908959999,0.01302210289716682,1.452308541411262,0.008966485100000005,512071.7421,512133.20805757266,512744.1388,512.1332080575727,2.9315657217,56.016938469,25000.0,10000.0,3.0,1500.0,0.001228164212893789,0.0006536310173034533,False,56.34913686,0.9168894672,,,,,,,,
dp015_coarse_c0,1,1.44,2.0,6.0,OK,3072,0.01281600621856069,663.0100247919763,715.4213935409789,USABLE,True,20.00000000083214,2.0,-4.1607162160062217e-11,-0.007261842808587882,,1.3633331105090767,1.3633331105090767,,forebody,1.7137822475903477,1.362873305257763,0.17047988423778787,0.28413314039631316,0.5893925439525247,0.0125216489956739,1.3964947084642894,0.008966485100000005,511690.9297,511740.66067789856,512354.0352,511.7406606778986,3.1904062252,56.016938469,35000.0,10000.0,5.0,1500.0,0.0007699509706159403,6.659614180897018e-07,True,,,True,,,,,,,
dp018_coarse_a0,0,0.6,2.0,15.626892663754035,OK,3072,0.011065185331707,151.19601745699765,167.18163658199774,USABLE,True,3.000000000124821,2.0,-4.160694011545729e-11,-0.0067238676523037055,,0.8563007139360854,0.8563007139360854,,forebody,1.7473559066096491,0.8562375998236492,0.1300704484109427,0.2167840806849045,0.47117090572402043,0.00966243786133486,1.5696335611589314,0.0061558557999999985,11977.91733,11979.868370856198,12007.40391,11.979868370856199,0.31984169669,11.513634986,15000.0,10000.0,1.0,1500.0,0.0004423404302913446,5.5022136661648506e-05,True,43.7720602,0.9561938283,,,,,,,,
dp019_coarse_a0,0,0.6,2.0,24.342995834370537,OK,3072,0.008590375997143547,101.11520379099238,116.25472345901653,USABLE,True,20.00000000083214,2.0,-4.1607162160062217e-11,-0.010283738995096825,,0.8816540621613268,0.8816540621613268,,forebody,2.046040380878753,0.8817007298076815,0.07927057098567769,0.13211761830946284,0.541776964891037,0.006129581692352212,1.546679089547373,0.00396305978,510109.6741,510182.9214696474,511656.0989,510.1829214696474,24.732806098,145.43987592,10000.0,10000.0,0.0,1500.0,0.000563959836848796,7.067397351270967e-05,True,39.50858512,1.045758051,,,,,,,,
dp020_coarse_a0,0,0.6,2.0,15.626892663754035,OK,3072,0.011228533494566094,152.44251891701424,168.07940325101663,USABLE,True,3.000000000124821,2.0,-4.160694011545729e-11,-0.00830932363203818,,0.8550122056373115,0.8550122056373115,,forebody,1.7900646560688633,0.8549317670240113,0.13009526075546574,0.2168254345924429,0.4710700258559083,0.009829669938696911,1.5967998502071736,0.006155855999999987,11959.50364,11960.74624224921,11989.27245,11.96074624224921,0.35833459411,11.017665683,15000.0,10000.0,1.0,1500.0,0.00045122955853155525,5.353781157603628e-05,True,43.46634222,0.9686712978,,,,,,,,
dp021_coarse_a0,0,0.6,2.0,24.342995834370537,OK,3072,0.008728980333834095,99.31372900000133,115.9455259989918,USABLE,True,20.00000000083214,2.0,-4.1607162160062217e-11,-0.010799949538040976,,0.8808016542892206,0.8808016542892206,,forebody,2.1441228655534714,0.8809430584908298,0.07931477149847715,0.13219128583079526,0.5415214641058591,0.006151095846279597,1.5521077229546192,0.003963059879999994,509874.8474,509916.8231814114,511373.0721,509.9168231814114,27.247335634,138.51645057,10000.0,10000.0,0.0,1500.0,0.0005249765344751626,0.00013226581405755895,True,39.10526119,1.048816141,,,,,,,,
dp056_coarse_a0,0,1.44,2.0,6.0,OK,3072,0.01699624125415358,393.30317741498584,421.97336333098065,USABLE,True,3.000000000124821,2.0,-4.160694011545729e-11,0.005583236068325448,,1.2763256142927237,1.2763256142927237,,forebody,1.4530723660964757,1.2763891985246325,0.2535981249740149,0.4226635416233582,0.5703928512762895,0.019501236740053274,1.4852576159182853,0.013129868199999978,12124.70815,12128.303914405533,12140.05399,12.128303914405533,0.10915064911,3.8474672592,20000.0,10000.0,2.0,1500.0,0.0001368458536107169,6.366923370060765e-06,True,57.1095154,1.100153745,,,,,,,,
dp057_coarse_a0,0,1.44,2.0,6.0,OK,3072,0.012812180196383754,362.39837537500716,396.7866969600145,USABLE,True,20.00000000083214,2.0,-4.1607162160062217e-11,-0.008246351578490296,,1.3639835586368239,1.3639835586368239,,forebody,1.7181615940189765,1.3639756793296394,0.17081572551472718,0.28469287585787867,0.5885836571271006,0.013801056688594632,1.5391824877412539,0.008966484999999996,511181.2433,511233.1621349007,511672.175,511.2331621349007,2.9798756825,56.072162598,20000.0,10000.0,2.0,1500.0,0.000723580917159476,1.8115302846635585e-05,True,57.16862961,0.9259763417,,,,,,,,
dp058_coarse_a0,0,1.38,2.0,6.0,OK,3072,0.016420038377661005,463.00030329097353,487.80766299995594,USABLE,True,3.000000000124821,2.0,-4.160694011545729e-11,-0.0022161014055482875,,1.2714576094943346,1.2714576094943346,,forebody,1.4605558850756946,1.2714737542914605,0.2485330701769103,0.41422178362818385,0.5606677832467302,0.02037580954339102,1.6193395408694797,0.012582790099999991,12032.41765,12034.236380439877,12046.31082,12.034236380439877,0.12743545698,4.247296528,25000.0,10000.0,3.0,1500.0,5.662218087310819e-05,1.1815986426618798e-05,True,57.10179052,1.078502774,,,,,,,,
dp060_coarse_a0,0,1.38,2.0,6.0,OK,3072,0.01643440185706715,303.58169725000334,335.92393187501875,USABLE,True,3.000000000124821,2.0,-4.160694011545729e-11,-0.004048386360577361,,1.270055278124219,1.270055278124219,,forebody,1.4604058901903259,1.2699266889197627,0.2479722164535208,0.4132870274225347,0.5616592050699735,0.02028377879495885,1.6120255232548797,0.012582790100000019,12010.2598,12012.13725627461,12024.56122,12.01213725627461,0.13326800546,4.2353717409,20000.0,10000.0,2.0,1500.0,0.0005499261928616876,0.0001543392957257097,True,55.4587455,1.05116412,,,,,,,,
dp059_coarse_a0,0,1.38,2.0,6.0,OK,3072,0.012387049559109138,441.76593783299904,474.76200166600756,REJECTED,True,20.00000000083214,2.0,-4.1607162160062217e-11,0.0020751293194654075,"force criterion not met (p2p 0.0025809019839496006, drift 0.0005029237941704838) after 3 extensions",1.3633191303487413,1.3633191303487413,,forebody,1.6853892719171186,1.3636928940772568,0.16590428486431494,0.2765071414405249,0.5830397081636656,0.01401762835818296,1.6313070907952898,0.008592881400000002,516510.2834,516553.72064837354,516963.7516,516.5537206483735,1.4433485889,61.626963634,25000.0,10000.0,3.0,1500.0,0.0025809019839496006,0.0005029237941704838,False,57.15853772,0.9006561942,,,,,,,,
dp059_coarse_c0,1,1.38,2.0,6.0,OK,3072,0.012387049559109138,381.6113488729752,408.57761903897335,USABLE,True,20.00000000083214,2.0,-4.1607162160062217e-11,-0.005009631495661693,,1.363479742469643,1.363479742469643,,forebody,1.6854643896441897,1.3636028765416455,0.16602989919066272,0.27671649865110454,0.5827240069374096,0.014012935027947093,1.630760902617263,0.008592881400000002,512920.4478,512901.63962981454,513555.7061,512.9016396298146,1.3956500738,61.626963634,30000.0,10000.0,4.0,1500.0,0.00042123067142960617,4.530765494032214e-05,True,,,True,,,,,,,
dp062_coarse_a0,0,0.6,2.0,24.993911798970217,SOLVER_FAILED,3072,0.015525041685921845,8.687721291993512,13.019174166984158,SOLVER_FAILED,,,,,,rhoCentralFoam returned -4,,,,,,,,,,,,,,,,,,,,,,,,,,51.55749405,0.9241739523,,,,,,,,
dp062_coarse_a1,1,0.6,3.2,28.993911798970217,SOLVER_FAILED,3072,0.017387938401924066,8.319328041994595,12.24229362499318,SOLVER_FAILED,,,,,,rhoCentralFoam returned -4,,,,,,,,,,,,,,,,,,,,,,,,,,51.54115084,0.9244569246,,,,,,,,
dp062_coarse_a2,2,0.6,5.120000000000001,32.99391179897022,SOLVER_FAILED,3072,0.020227422483084925,7.869878666999284,11.726874583007884,SOLVER_FAILED,,,,,,rhoCentralFoam returned -4,,,,,,,,,,,,,,,,,,,,,,,,,,51.51571202,0.9222865346,,,,,,,,
dp063_coarse_a0,0,0.6,2.0,24.993911798970217,SOLVER_FAILED,3072,0.015678637030501087,9.247327042001416,13.19154412599164,SOLVER_FAILED,,,,,,rhoCentralFoam returned -4,,,,,,,,,,,,,,,,,,,,,,,,,,51.66869262,0.9303815757,,,,,,,,
dp063_coarse_a1,1,0.6,3.2,28.993911798970217,SOLVER_FAILED,3072,0.017545862580857132,8.798115749988938,12.822990584973013,SOLVER_FAILED,,,,,,rhoCentralFoam returned -4,,,,,,,,,,,,,,,,,,,,,,,,,,51.65993388,0.9325994862,,,,,,,,
dp063_coarse_a2,2,0.6,5.120000000000001,32.99391179897022,SOLVER_FAILED,3072,0.020391365837077523,8.386622749996604,12.36187537497608,SOLVER_FAILED,,,,,,rhoCentralFoam returned -4,,,,,,,,,,,,,,,,,,,,,,,,,,51.64136944,0.9324600482,,,,,,,,
dp065_coarse_a0,0,1.2,2.0,6.0,OK,3072,0.01195598979035387,60.98293474999082,69.84323879297881,USABLE,True,27.000000000450765,2.0,-1.6695089755103254e-11,-0.006130079316573167,,1.3761378166477207,1.3761378166477207,,forebody,1.7116954903410928,1.3757758075227569,0.10100925692851165,0.16834876154751943,0.7069891519705982,0.010199217604446753,1.6352004455164406,0.0062372889099999995,932982.7077,933334.3452884541,935352.388,933.3343452884541,3.1948094776,92.735087713,10000.0,10000.0,0.0,1500.0,0.0009740860121372593,0.00018397085851869989,True,57.06156933,0.8427999119,,,,,,,,
dp064_coarse_a0,0,1.2,2.0,6.0,OK,3072,0.011292705724636537,51.32483804199728,59.289602333985385,USABLE,True,27.000000000450765,2.0,-1.6695089755103254e-11,-0.008020009709154285,,1.5525283426878131,1.5525283426878131,,forebody,1.4695743910030261,1.5523355536933838,0.10793568958055245,0.17989281596758744,0.6868967370087755,0.009908621611044235,1.5424383444429877,0.0064239985,931446.7468,931559.5285756316,933334.8807,931.5595285756316,3.456851737,112.94595774,10000.0,10000.0,0.0,1500.0,0.0005621507247449066,0.00011397662233496035,True,67.43829561,1.384617782,,,,,,,,
dp066_coarse_a0,0,1.62,2.0,6.0,OK,3072,0.013245898307588247,201.66453591600293,210.48601862399664,USABLE,True,27.000000000450765,2.0,-1.6695089755103254e-11,0.016342237009956184,,1.5477985078636471,1.5477985078636471,,forebody,1.475804202581474,1.5478335518217823,0.1875521627509375,0.31258693791822917,0.5969946317685529,0.015646707042687807,1.5568107869444119,0.010050487299999994,954209.9663,954437.8963762198,955620.417,954.4378963762198,1.4025371176,71.334047856,25000.0,10000.0,3.0,1500.0,8.888623798780499e-05,5.025195804082437e-05,True,67.41165314,1.630487556,,,,,,,,
dp067_coarse_a0,0,0.96,2.0,63.34746418707678,OK,3072,0.010716586097567374,157.62499812498572,168.86908683399088,REJECTED,True,27.000000000450765,2.0,-1.6695089755103254e-11,-0.0021367683791319037,"force criterion not met (p2p 0.006381857676079828, drift 0.0017952110093921298) after 3 extensions",1.392778037646971,1.392778037646971,,forebody,1.5169813179580376,1.3973658835946223,0.1259082703248902,0.20984711720815033,0.5434516327557787,0.010199245643185889,1.6143778967066629,0.006317755999999994,937086.5305,937084.4278412766,939096.3761,937.0844278412766,5.4396859424,106.4520483,25000.0,10000.0,3.0,1500.0,0.006381857676079828,0.0017952110093921298,False,65.93966148,1.148300343,,,,,,,,
dp067_coarse_c0,1,0.96,2.0,63.34746418707678,OK,3072,0.010716586097567374,330.5775364169822,339.0618718339829,REJECTED,True,27.000000000450765,2.0,-1.6695089755103254e-11,0.01870361518929098,"force criterion not met (p2p 0.010361325563863698, drift 0.005736498027764285) after 9 extensions",1.393675519143172,1.393675519143172,,forebody,1.5181570537055298,1.3941397795264487,0.12406667220748696,0.2067777870124783,0.5501293403555332,0.00958742883193292,1.5175370546018128,0.006317755999999994,956998.7117,956655.4454851336,958715.7846,956.6554454851336,7.3963063405,106.4520483,55000.0,10000.0,9.0,1500.0,0.010361325563863698,0.005736498027764285,False,,,True,,,,,,,
dp067_coarse_Co0p1,2,0.96,2.0,63.34746418707678,OK,3072,0.010716586097567374,261.79789708300086,266.58587004100264,REJECTED,True,27.000000000450765,2.0,-1.6695089755103254e-11,0.028974725080028962,"force criterion not met (p2p 0.006939836630030997, drift 0.0025154690727157616) after 0 extensions",1.3902383344990752,1.3902383344990752,,forebody,1.5179724281245222,1.3962429494417008,0.12424288035826042,0.20707146726376738,0.5494904026326723,0.00953166218395321,1.5087100837628455,0.006317755999999994,964575.1941,966300.9528354977,967057.8558,966.3009528354977,7.225068342,7.3836793974,95000.0,40000.0,0.0,,0.006939836630030997,0.0025154690727157616,False,,,,dp067_coarse_c0,55000.0,0.1,8.0,True,,
dp067_coarse_Co0p05,3,0.96,2.0,63.34746418707678,OK,3072,0.010716586097567374,247.6207581260387,250.46101683405868,REJECTED,True,27.000000000450765,2.0,-1.6695089755103254e-11,-0.028882511406006728,"force criterion not met (p2p 0.008127640834431939, drift 0.004638302675971788) after 0 extensions",1.3945050394182865,1.3945050394182865,,forebody,1.5244338342799015,1.3890762246228656,0.12732449083318917,0.21220748472198195,0.5383163611882058,0.01019869557438674,1.6142908295899288,0.006317755999999994,912309.6595,911967.73999537,914130.0859,911.96773999537,7.6868544915,7.2313947703,135000.0,40000.0,0.0,,0.008127640834431939,0.004638302675971788,False,,,,dp067_coarse_Co0p1,95000.0,0.05,8.0,True,,
dp069_coarse_a0,0,1.44,2.0,6.0,OK,3072,0.012767519147910454,156.08591358202102,164.80835795600433,REJECTED,True,27.000000000450765,2.0,-1.6695089755103254e-11,-0.004315875399934166,"force criterion not met (p2p 0.0014548866720202039, drift 0.0008660825360552388) after 3 extensions",1.364209256723338,1.364209256723338,,forebody,1.71671488522484,1.3648372636258284,0.16945675462028606,0.2824279243671434,0.5903620710497399,0.012963439617501599,1.4510607940723437,0.008933767399999987,935009.7604,935038.0479456304,936373.9004,935.0380479456304,3.9137020702,76.471516049,25000.0,10000.0,3.0,1500.0,0.0014548866720202039,0.0008660825360552388,False,56.34915643,0.9139738707,,,,,,,,
dp069_coarse_c0,1,1.44,2.0,6.0,OK,3072,0.012767519147910454,249.04871874899254,257.63106633198913,USABLE,True,27.000000000450765,2.0,-1.6695089755103254e-11,-0.005297174953589057,,1.3647155171436656,1.3647155171436656,,forebody,1.712644836874325,1.3643931661309474,0.16963519888004702,0.28272533146674506,0.5899307070880888,0.012740295875900642,1.426083230676082,0.008933767399999987,934022.431,934116.5183194872,935232.1674,934.1165183194872,4.0213212223,76.471516049,40000.0,10000.0,6.0,1500.0,0.0008172372362186671,4.2369038802189665e-05,True,,,True,,,,,,,
dp070_coarse_a0,0,0.6,2.0,30.55106272323619,OK,3072,0.008670666491218757,58.69626049901126,67.43018508001114,USABLE,True,27.000000000450765,2.0,-1.6695089755103254e-11,-0.009075640439757948,,0.8899913434247614,0.8899913434247614,,forebody,2.05107007095791,0.889934482030414,0.07879947817316751,0.13133246362194587,0.542831961626344,0.006380730641043067,1.6159480246435307,0.003948598930000005,930441.256,930568.1952066362,932972.5041,930.5681952066362,28.666680568,189.93041713,10000.0,10000.0,0.0,1500.0,0.000853438998644863,1.4656351075184948e-05,True,41.54528071,1.09293152,,,,,,,,
dp071_coarse_a0,0,0.6,2.0,24.993911798970217,OK,3072,0.008556138410940063,58.22782562499924,66.14720270701218,USABLE,True,27.000000000450765,2.0,-1.6695089755103254e-11,-0.011033464453167663,,0.8818264314140528,0.8818264314140528,,forebody,2.0557635515267276,0.8819199154321116,0.07886936976171788,0.13144894960286313,0.5424264741640263,0.006286379633456546,1.5920532100269476,0.003948598950000007,928571.9256,928729.6202022843,931265.3963,928.7296202022843,33.127792853,198.41406626,10000.0,10000.0,0.0,1500.0,0.000561900326291855,4.868747154967125e-05,True,39.43484341,1.047928357,,,,,,,,
dp072_coarse_a0,0,0.6,2.0,24.993911798970217,OK,3072,0.008694253870685651,58.14412395800173,67.12753954000073,USABLE,True,27.000000000450765,2.0,-1.6695089755103254e-11,-0.011076628082803297,,0.8810001820642579,0.8810001820642579,,forebody,2.1568134045394345,0.8809628504962013,0.07885723868577506,0.13142873114295844,0.5424968545817742,0.006083340852420918,1.5406327054185427,0.003948599060000002,928579.1623,928689.0856240987,931305.7321,928.6890856240987,34.894393604,188.95803396,10000.0,10000.0,0.0,1500.0,0.0005881876048890737,0.00014201361611376287,True,39.03042354,1.050790934,,,,,,,,
dp073_coarse_a0,0,1.44,2.0,6.0,OK,3072,0.012763702580001542,123.48530520799977,132.64687962498283,USABLE,True,27.000000000450765,2.0,-1.6695089755103254e-11,-0.008904669294858336,,1.3650535003470647,1.3650535003470647,,forebody,1.7196611158100266,1.3645452841986954,0.16998929254202608,0.2833154875700435,0.5890747353407688,0.013164098339524116,1.4735215164518676,0.008933767300000006,930644.9105,930728.7526782602,931864.0623,930.7287526782602,4.4743616894,76.547043837,20000.0,10000.0,2.0,1500.0,0.0008450752055223846,0.0001468555663062427,True,57.16874295,0.923031513,,,,,,,,
dp074_coarse_a0,0,1.38,2.0,6.0,OK,3072,0.012340065188534886,155.81340175100195,164.8668518759805,REJECTED,True,27.000000000450765,2.0,-1.6695089755103254e-11,-0.004720871170558527,"force criterion not met (p2p 0.002124215510954147, drift 0.00047175835944502476) after 3 extensions",1.3645654637711528,1.3645654637711528,,forebody,1.6897654408716891,1.3648492632161526,0.16525161140891576,0.2754193523481929,0.5831590414967289,0.014097679186845763,1.6466314380801528,0.008561526799999997,934622.517,934657.7200430008,935977.4655,934.6577200430007,2.5877155631,84.129923821,25000.0,10000.0,3.0,1500.0,0.002124215510954147,0.00047175835944502476,False,57.15865158,0.8976261573,,,,,,,,
dp074_coarse_c0,1,1.38,2.0,6.0,OK,3072,0.012340065188534886,210.2933731249941,219.53408791600668,USABLE,True,27.000000000450765,2.0,-1.6695089755103254e-11,-0.0009242335014135739,,1.3645065913453367,1.3645065913453367,,forebody,1.6889358928023421,1.3647283160634947,0.16528304143292621,0.2754717357215437,0.5830797604463198,0.014039554619415556,1.6398423957997261,0.008561526799999997,938119.0573,938223.1084902054,938969.7741,938.2231084902054,2.2961636252,84.129923821,30000.0,10000.0,4.0,1500.0,0.0006933752056606347,0.00017650631539716658,True,,,True,,,,,,,
dp075_coarse_a0,0,1.38,2.0,6.0,OK,3072,0.012353215240911462,167.99350087599305,177.12743708500057,REJECTED,True,27.000000000450765,2.0,-1.6695089755103254e-11,-0.011201467410495325,"force criterion not met (p2p 0.005147914471625433, drift 0.00011285659523992894) after 3 extensions",1.3695561181977145,1.3695561181977145,,forebody,1.7277966267833296,1.3656162607966893,0.16491323353174575,0.27485538921957625,0.5840125869324029,0.013863909651050194,1.6193267641371525,0.008561526900000005,928340.7884,928571.8501290375,929140.3593,928.5718501290376,3.8409824013,83.835983474,25000.0,10000.0,3.0,1500.0,0.005147914471625433,0.00011285659523992894,False,55.48581839,0.8751595311,,,,,,,,
dp075_coarse_c0,1,1.38,2.0,6.0,OK,3072,0.012353215240911462,354.55830420801067,362.3684550830076,REJECTED,True,27.000000000450765,2.0,-1.6695089755103254e-11,0.0009011195357928603,"force criterion not met (p2p 0.006038778726701934, drift 0.004025417003863645) after 9 extensions",1.3686789658079992,1.3686789658079992,,forebody,1.7134733797226063,1.3673411853759008,0.1640088317194947,0.27334805286582453,0.5862939064007979,0.01331144330982617,1.5547978141406251,0.008561526900000005,939638.5717,939937.2811866985,940587.65,939.9372811866984,5.1331067364,83.835983474,55000.0,10000.0,9.0,1500.0,0.006038778726701934,0.004025417003863645,False,,,True,,,,,,,
dp075_coarse_Co0p1,2,1.38,2.0,6.0,OK,3072,0.012353215240911462,157.19809404201806,159.20854479102127,REJECTED,True,27.000000000450765,2.0,-1.6695089755103254e-11,0.004128434269810022,"force criterion not met (p2p 0.006678951288014223, drift 0.004031122753513931) after 0 extensions",1.3667777095444056,1.3667777095444056,,forebody,1.7147397875724049,1.3722176811053584,0.1644863863295777,0.27414397721596284,0.5850892929044003,0.013747080558172725,1.6056809397133025,0.008561526900000005,942964.7112,942968.023562162,943924.137,942.968023562162,7.1196541571,5.0935654199,95000.0,40000.0,0.0,,0.006678951288014223,0.004031122753513931,False,,,,dp075_coarse_c0,55000.0,0.1,8.0,True,,
dp075_coarse_Co0p05,3,1.38,2.0,6.0,OK,3072,0.012353215240911462,136.38836374797393,138.43869795596402,REJECTED,True,27.000000000450765,2.0,-1.6695089755103254e-11,-0.0023031582476464862,"force criterion not met (p2p 0.0018064030420120803, drift 0.0006419811855758081) after 0 extensions",1.3718571118415352,1.3718571118415352,,forebody,1.732608984608566,1.3721583011851601,0.16475146402786295,0.2745857733797716,0.5844206444059741,0.013822142989734776,1.614448351465761,0.008561526900000005,937251.4984,936928.1726052937,938723.0463,936.9281726052936,3.3842704544,7.099820707,135000.0,40000.0,0.0,,0.0018064030420120803,0.0006419811855758081,False,,,,dp075_coarse_Co0p1,95000.0,0.05,8.0,True,,
dp022_coarse_a0,0,1.132913839817047,2.0,6.0,OK,3072,0.011359302853189004,214.21138295800483,229.96226229199965,USABLE,True,12.854103975517827,2.0,-8.002154494590741e-11,-0.002177954882878419,,1.5053869576509744,1.5053869576509744,,forebody,1.4999762858690713,1.5056855107050897,0.09001440089399176,0.1500240014899863,0.7275838299236698,0.008614151627931721,1.4839694946259812,0.0058048037100000005,212655.279,212737.10215292763,213203.1911,212.73710215292763,0.98162843723,52.16324899,20000.0,10000.0,2.0,1500.0,0.0003506877474336176,0.0001133533698122954,True,62.84781661,1.155710676,,,,,,,,
dp023_coarse_a0,0,0.7285538743436336,2.0,49.30239718287338,OK,3072,0.009616420903471345,209.54945904300257,226.54207183200924,USABLE,True,9.462523079606692,2.0,-1.5360179794754458e-10,-0.001960635607816008,,1.1429407191229979,1.1429407191229979,,forebody,1.7883997696464793,1.142877958477728,0.10021984920257704,0.16703308200429506,0.5361142813399598,0.008183702711823268,1.653528282581596,0.004949236610000005,115503.2184,115521.4421762943,115720.2225,115.5214421762943,0.91573609536,50.083390188,20000.0,10000.0,2.0,1500.0,0.0005117692737913538,5.032053334142496e-05,True,57.08342139,1.283910105,,,,,,,,
dp024_coarse_a0,0,0.6,2.0,24.74778852972969,OK,3072,0.009626506361771734,159.49905816699902,174.947430331973,USABLE,True,5.144832880250614,2.0,2.848064006855111e-10,-0.009931799267325236,,0.868047046432721,0.868047046432721,,forebody,1.8609596709002993,0.8680025209752018,0.09319547233551702,0.1553257872258617,0.5194735373042714,0.007044078849767987,1.5393636165398714,0.004575968129999997,34198.29595,34201.93886341618,34294.54232,34.20193886341618,3.6462010718,27.698605867,15000.0,10000.0,1.0,1500.0,0.00027718144386679167,7.387086754543305e-06,True,43.48804499,1.044481145,,,,,,,,
dp025_coarse_a0,0,0.6279245818033815,2.0,41.911170075393656,OK,3072,0.011566840284481374,106.06970974999422,123.62781708300463,USABLE,True,4.8136871263053695,2.0,-1.0559086938144446e-10,-0.004993419228747742,,0.9301443940141364,0.9301443940141364,,forebody,1.5991119336931814,0.930085781312856,0.06340827373727936,0.10568045622879894,0.6929942132228453,0.0058713163292685375,1.5254855643365879,0.0038488180200000055,30143.36551,30148.34971155528,30209.04928,30.148349711555277,0.054255767738,15.579421084,10000.0,10000.0,0.0,1500.0,0.0004675141734094986,0.00016054663790269477,True,55.14108682,1.057370164,,,,,,,,
dp026_coarse_a0,0,0.820460867881775,2.0,58.82614891334539,OK,3072,0.011942827944335554,145.71365133400832,162.26801583300403,USABLE,True,11.334642525536445,2.0,-1.0858203225438956e-11,-0.0038825005837758164,,1.1992380100914355,1.1992380100914355,,forebody,1.7406472436023759,1.1992375428268462,0.07287477586062166,0.12145795976770277,0.6971686611506223,0.007111713069515815,1.5858802363642515,0.004484394789999999,165210.0212,165234.81988367357,165664.4839,165.23481988367357,0.39411301497,31.671134302,15000.0,10000.0,1.0,1500.0,8.082045139309513e-05,1.1584176083515549e-05,True,64.00317973,1.341991446,,,,,,,,
dp027_coarse_a0,0,1.171794561482966,2.0,6.0,OK,3072,0.012226743108937736,152.41152725000575,166.84917887600022,USABLE,True,6.137030953439124,2.0,-4.867262148877671e-11,-0.007959767458258327,,1.3468618605579754,1.3468618605579754,,forebody,1.6547003824834867,1.346873060551789,0.13671435512352167,0.2278572585392028,0.6256859697738096,0.012002243253392081,1.614090166611437,0.007435918699999988,48564.14324,48566.7845412774,48649.88504,48.5667845412774,0.73573248051,19.635099963,15000.0,10000.0,1.0,1500.0,0.0003913047669106471,0.00012373767753566045,True,56.02212211,0.8486169845,,,,,,,,
dp028_coarse_a0,0,0.869461532495916,2.0,63.24340588138521,OK,3072,0.011889307504620618,148.48526016502,163.17796420400555,USABLE,True,15.403960368900403,2.0,3.308442408922474e-11,-0.009039448058190125,,1.2590195548127372,1.2590195548127372,,forebody,1.8295716469058416,1.2589478023410394,0.0926438492719351,0.15440641545322517,0.6324892462856724,0.007642617892042916,1.4891523441959182,0.005132193440000002,303247.4102,303209.2248035353,304132.8489,303.20922480353534,0.32592427125,42.342950164,15000.0,10000.0,1.0,1500.0,0.0003942028061545683,7.814595362930136e-05,True,66.8581401,1.449689117,,,,,,,,
dp029_coarse_a0,0,1.0025029879063367,2.0,6.0,OK,3072,0.013245632264046433,150.70232933400257,166.13998491498933,USABLE,True,3.354095120676197,2.0,-2.7480684394731725e-11,-0.000930421208200527,,1.296623903040267,1.296623903040267,,forebody,1.4728168710354181,1.2964682958511276,0.13034526547923203,0.21724210913205338,0.6591476985005954,0.011874614009979342,1.5708814554583754,0.007559204399999991,14938.337,14941.332852915733,14971.82694,14.941332852915734,0.11732907857,8.6784238001,15000.0,10000.0,1.0,1500.0,0.0004352828821341007,0.00011921952835812678,True,50.98929195,0.8181616499,,,,,,,,
dp030_coarse_a0,0,0.6,2.0,34.37720579536831,OK,3072,0.010792035823630487,119.65325037500588,137.08992283399857,USABLE,True,7.956512824420305,2.0,6.327405266404185e-11,-0.010838191116358087,,0.7128114774145509,0.7128114774145509,,forebody,1.8609576818967741,0.7127571626031886,0.06298194428931679,0.10496990714886133,0.651284196585963,0.005203712217697047,1.4575433135012414,0.0035701938799999958,81074.68629,81083.61685140326,81290.29787,81.08361685140326,2.0740522957,31.3138772,10000.0,10000.0,0.0,1500.0,0.0006343745644433311,0.00011923581593638431,True,45.66334502,1.030188682,,,,,,,,
dp031_coarse_a0,0,1.1580133333802223,2.0,6.0,OK,3072,0.010660233692049112,278.4322888340248,292.52277770904766,USABLE,True,15.854455584739158,2.0,1.0332845690186332e-10,-0.007814780999436555,,1.4260253206755005,1.4260253206755005,,forebody,1.6358391415527203,1.4258943072854364,0.15282293124332696,0.254704885405545,0.5444762627570036,0.011370032392074292,1.479410623753297,0.007685514900000023,321547.5293,321573.3407560516,321976.443,321.5733407560516,2.055405581,75.192928083,25000.0,10000.0,3.0,1500.0,0.0003888803969243526,9.136788215884632e-05,True,59.7274621,0.9259213216,,,,,,,,
dp032_coarse_a0,0,0.6,2.0,41.29300826438782,OK,3072,0.009133625192054344,275.47799916699296,289.6733536669781,REJECTED,True,18.379044045745168,2.0,6.390543649814617e-11,-0.007140139153081648,"force criterion not met (p2p 0.0011697004253697885, drift 4.395972273917019e-05) after 3 extensions",0.8889503844576855,0.8889503844576855,,forebody,1.980677956563616,0.888737451410595,0.07477604582055909,0.12462674303426516,0.5684018688274999,0.005608537603963765,1.4553948672364299,0.0038536192000000052,432210.6937,432275.33118524594,433211.9565,432.27533118524593,10.024828059,110.70112138,25000.0,10000.0,3.0,1500.0,0.0011697004253697885,4.395972273917019e-05,False,48.06294008,1.181295034,,,,,,,,
dp032_coarse_c0,1,0.6,2.0,41.29300826438782,OK,3072,0.009133625192054344,1025.9006139599805,1077.0810007499676,REJECTED,True,18.379044045745168,2.0,6.390543649814617e-11,-0.008405082853067625,"force criterion not met (p2p 0.0010889984337587612, drift 2.0747973120111367e-05) after 9 extensions",0.8889484845302664,0.8889484845302664,,forebody,1.9830298886588291,0.8890286167257286,0.07477862051138792,0.12463103418564654,0.5683870080289932,0.0056202992173312455,1.4584469626192536,0.0038536192000000052,431690.4897,431724.5948946523,432816.849,431.72459489465234,9.3013330092,110.70112138,55000.0,10000.0,9.0,1500.0,0.0010889984337587612,2.0747973120111367e-05,False,,,True,,,,,,,
dp032_coarse_Co0p1,2,0.6,2.0,41.29300826438782,OK,3072,0.009133625192054344,66.3942179579899,70.25869462499395,USABLE,True,18.379044045745168,2.0,6.390543649814617e-11,-0.008118171944488717,,0.888923719501998,0.888923719501998,,forebody,1.974436406530637,0.8886194667987606,0.07476893182175788,0.12461488636959647,0.5684429299528119,0.005618288735694366,1.4579252500336197,0.0038536192000000052,431820.4781,431849.5113233624,432879.0225,431.84951132336244,9.1011736065,9.1123706621,65000.0,40000.0,0.0,,0.0009808451404936676,5.2043705467096344e-05,True,,,,dp032_coarse_c0,55000.0,0.1,2.0,True,,
dp033_coarse_a0,0,1.056996758840978,2.0,6.0,OK,3072,0.010300111996614993,172.23981925100088,188.55891316899215,USABLE,True,10.712954109217682,2.0,-1.286566408964518e-10,-0.008501548348346932,,1.4714824498656043,1.4714824498656043,,forebody,1.5077659977554032,1.4716581777988502,0.12227538710990304,0.20379231184983843,0.6067771171200862,0.010316002848534706,1.5821404017222547,0.006520282799999999,146960.4803,146970.5205938573,147201.7222,146.97052059385732,1.0379562247,56.170058577,15000.0,10000.0,1.0,1500.0,0.00031249621573380045,0.00018950445483845095,True,59.14015129,0.9625915386,,,,,,,,
dp034_coarse_a0,0,0.9400686126202346,2.0,6.0,OK,3072,0.011177549857420045,152.0211955840059,167.55425496002135,USABLE,True,7.301871281738598,2.0,1.71592184905478e-10,-0.010611153798380957,,1.3868522352509498,1.3868522352509498,,forebody,1.5531869604055137,1.3868292888981175,0.057043238147783615,0.09507206357963936,0.8003417438403106,0.007121146584193799,1.644271287806917,0.0043308830100000015,68350.31758,68377.89744709291,68571.63285,68.3778974470929,0.20510857992,30.040840742,15000.0,10000.0,1.0,1500.0,0.0003632275189070528,7.027187965346237e-05,True,50.96826563,0.8122491671,,,,,,,,
dp035_coarse_a0,0,0.9907275388017296,2.0,6.0,OK,3072,0.009778687330533206,200.98964970798988,216.6111099140253,USABLE,True,7.572491991347598,2.0,-1.8766321829843946e-11,0.00938027572794331,,1.422247999400903,1.422247999400903,,forebody,1.5240541078788754,1.4221854072449125,0.1419366903635625,0.2365611506059375,0.5265918840807173,0.010685783172541236,1.5105745221271014,0.007073986099999985,74973.41522,74990.82048070857,75100.50611,74.99082048070858,1.2760566704,45.73980111,20000.0,10000.0,2.0,1500.0,0.0007086687694891946,7.961223085394589e-05,True,55.13424463,0.8422638778,,,,,,,,
dp036_coarse_a0,0,0.6,2.0,19.43799638226443,OK,3072,0.016445021550656008,112.67056837501877,127.14539304001664,USABLE,True,3.796714855001049,2.0,-8.378564508859654e-11,-0.01089080523470487,,0.4194620860381824,0.4194620860381824,,forebody,1.9916113333515848,0.41943792602452934,0.05548890947407865,0.09248151579013109,0.7417296057786608,0.005882655368890606,1.6052460190713036,0.003664644110000004,18801.53195,18820.935773661007,18801.53195,18.820935773661006,0.23144907865,5.1093259834,10000.0,10000.0,0.0,1500.0,0.00046822738588631426,6.507284435461307e-06,True,47.55435758,0.9730314941,,,,,,,,
dp037_coarse_a0,0,1.1985864022746682,2.0,6.0,OK,3072,0.011634908575064907,207.979160709001,223.2545792509918,USABLE,True,8.939992577259908,2.0,1.7055956647027415e-10,-0.007084787592589126,,1.4452254799863329,1.4452254799863329,,forebody,1.5822837375536045,1.4451194955832607,0.13296804308606514,0.2216134051434419,0.6275172813400884,0.011429874303378967,1.5726920721714512,0.007267712799999992,102624.8965,102635.1865173043,102784.3779,102.6351865173043,0.59305118371,33.477228152,20000.0,10000.0,2.0,1500.0,0.0003315729212049555,8.471777472132231e-05,True,62.31036797,1.109175933,,,,,,,,
dp038_coarse_a0,0,0.8003777086734771,2.0,52.89701990296864,OK,3072,0.011261334677988734,256.2071799169935,271.8278381259588,USABLE,True,4.841030953498203,2.0,-1.0082756851659269e-10,-0.003165715166237537,,1.2631577254728563,1.2631577254728563,,forebody,1.5044011955995342,1.263055873673047,0.12113734627978391,0.20189557713297318,0.5391333822729486,0.009758836485040362,1.6206890485222367,0.00602141199999999,30536.96722,30542.5075238244,30576.33413,30.542507523824398,0.40058230913,16.238364208,25000.0,10000.0,3.0,1500.0,0.00045301764479223594,1.5379067432125133e-05,True,65.08483411,1.176904648,,,,,,,,
dp039_coarse_a0,0,0.7611370066180826,2.0,56.27838500622218,OK,3072,0.011986114758672244,100.3591620420193,116.75847091601463,USABLE,True,16.296680899687914,2.0,8.001077578256854e-11,-0.009172137275569758,,1.0873721042433213,1.0873721042433213,,forebody,1.886260927853907,1.0874877860328882,0.0550711932490275,0.0917853220817125,0.7500820883245074,0.005971480155853345,1.588752740415584,0.003758596289999999,339164.8484,339272.06255219853,340252.125,339.2720625521985,1.2013961774,46.091255219,10000.0,10000.0,0.0,1500.0,0.0006878946843099511,0.00014029039990502262,True,60.20137913,1.284932074,,,,,,,,
dp040_coarse_a0,0,1.112958949804306,2.0,6.0,OK,3072,0.01190046231923455,163.1943469990074,180.02933208300965,USABLE,True,4.528919239144358,2.0,1.46246348364798e-10,-0.0046218601110736834,,1.3696799870253251,1.3696799870253251,,forebody,1.537606514455627,1.3695722218326005,0.16966973441479608,0.2827828906913268,0.544847780378483,0.012105992125142157,1.4176110885248614,0.008539713200000021,26745.97221,26750.573890058542,26786.91445,26.750573890058543,0.41852825067,15.800278313,15000.0,10000.0,1.0,1500.0,0.00028890851484728714,0.00010305165296881717,True,57.11058684,0.9321649362,,,,,,,,
dp041_coarse_a0,0,0.642399331703782,2.0,28.565450859649673,OK,3072,0.008539463697419853,165.35593570800847,181.80213191600342,USABLE,True,11.995401435305356,2.0,-2.7746249742222062e-11,-0.01039149838670983,,0.9750916414000649,0.9750916414000649,,forebody,1.8958108102378461,0.9751808476628626,0.08671974663596303,0.1445329110599384,0.5385041846791228,0.007011928478623211,1.6288898801350424,0.004304728369999997,183789.5152,183797.18624850156,184259.4325,183.79718624850156,10.735211989,91.041210594,15000.0,10000.0,1.0,1500.0,0.0005293863868752465,0.00010394343267417092,True,43.54926169,1.076346769,,,,,,,,
dp042_coarse_a0,0,0.6882258102297782,2.0,47.604747741932606,OK,3072,0.010794501443823955,166.11671741800092,185.91117849999864,USABLE,True,6.522730236817354,2.0,-2.525817333065561e-10,-0.009431658126441755,,1.0343805312797165,1.0343805312797165,,forebody,1.7264160675095108,1.034322325880507,0.07556709325567548,0.1259451554261258,0.6442352093356838,0.006897472603876131,1.6427566182100914,0.00419871849999999,54715.34964,54722.0535870283,54871.12936,54.7220535870283,0.19491248154,25.036570198,15000.0,10000.0,1.0,1500.0,0.00015718465166663137,4.906775022795793e-05,True,57.50087094,1.162903601,,,,,,,,
dp043_coarse_a0,0,0.6,2.0,33.70601623752571,OK,3072,0.010123885007864118,290.46744795900304,307.1890970849927,REJECTED,True,14.50161749856548,2.0,1.1397738308716043e-10,-0.01519562266827501,"force criterion not met (p2p 0.001081729562661265, drift 1.118493442694444e-05) after 3 extensions",0.7232836466415782,0.7232836466415782,,forebody,1.8552891492510188,0.7230090387686681,0.06482812511196323,0.10804687518660538,0.6279895883429687,0.005551654119216418,1.564793847880112,0.0035478501700000054,267083.728,267108.711874203,267923.1302,267.108711874203,5.9951391017,67.458292322,25000.0,10000.0,3.0,1500.0,0.001081729562661265,1.118493442694444e-05,False,43.42656815,1.005612031,,,,,,,,
dp043_coarse_c0,1,0.6,2.0,33.70601623752571,OK,3072,0.010123885007864118,990.3171201669902,1035.7540723349666,REJECTED,True,14.50161749856548,2.0,1.1397738308716043e-10,-0.01406119579804821,"force criterion not met (p2p 0.0010894242192187563, drift 5.577101307034609e-05) after 9 extensions",0.7232721682456784,0.7232721682456784,,forebody,1.8540897343656608,0.7228994914204734,0.06484761926676384,0.1080793654446064,0.6278777228750139,0.00561542974963701,1.5827697001187064,0.0035478501700000054,267389.4299,267416.40272834274,268372.8443,267.41640272834275,5.8401608697,67.458292322,55000.0,10000.0,9.0,1500.0,0.0010894242192187563,5.577101307034609e-05,False,,,True,,,,,,,
dp043_coarse_Co0p1,2,0.6,2.0,33.70601623752571,OK,3072,0.010123885007864118,21.528890834000777,24.3129200010153,USABLE,True,14.50161749856548,2.0,1.1397738308716043e-10,-0.014854600290037046,,0.7232368519763679,0.7232368519763679,,forebody,1.8550900545626412,0.7231522222422454,0.06481848535250131,0.10803080892083552,0.6280449052425321,0.005594175723176248,1.5767790225414844,0.0035478501700000054,267174.2922,267201.20745024644,268029.159,267.20120745024644,5.1701261603,5.7926939226,75000.0,40000.0,0.0,,0.0009869459196746179,3.2613738467766606e-05,True,,,,dp043_coarse_c0,55000.0,0.1,4.0,True,2.0,True
dp044_coarse_a0,0,0.6741571987420321,2.0,30.50981157335394,OK,3072,0.010997415490045279,180.50515208300203,198.98778533299628,USABLE,True,3.167478506102813,2.0,3.203637355397859e-11,-0.004516236564591547,,1.0238885462623255,1.0238885462623255,,forebody,1.4806091404994233,1.023853735135387,0.13972501533340947,0.23287502555568246,0.4753166924714287,0.009735156030401176,1.4606325375853544,0.006665027500000004,13328.0411,13329.064353738773,13358.20792,13.329064353738774,0.57272161273,12.322171234,15000.0,10000.0,1.0,1500.0,0.0003643576752377758,2.7830089924229426e-05,True,52.61685348,1.056757445,,,,,,,,
dp045_coarse_a0,0,1.1583829134330155,2.0,6.0,OK,3072,0.010911529878435487,276.3824037919985,293.38104041700717,USABLE,True,11.700058763702135,2.0,-1.294639950799592e-10,-0.006515155317862953,,1.375467556159978,1.375467556159978,,forebody,1.670506121484826,1.3752365947174958,0.15385671835001444,0.25642786391669076,0.5464562016211034,0.01145629659910849,1.4741835021040817,0.007771282599999985,175606.0664,175565.17106371874,175930.5894,175.56517106371874,3.3806669656,51.425351814,25000.0,10000.0,3.0,1500.0,0.0006777972882156924,3.723396573463146e-05,True,54.42253076,0.8940840728,,,,,,,,
dp046_coarse_a0,0,0.9268370669335126,2.0,6.0,OK,3072,0.009720542143100405,262.7551917509991,288.0649511669908,USABLE,True,8.45184801199334,2.0,7.423694992070295e-11,-0.008446559713043422,,1.3045435324544865,1.3045435324544865,,forebody,1.740589372489549,1.3045526011737472,0.12656070566292105,0.21093450943820174,0.5437201537008334,0.010027571183081174,1.5780932628291156,0.006354232300000012,91661.23537,91655.8859306215,91818.26673,91.65588593062151,0.70121559055,50.015918703,25000.0,10000.0,3.0,1500.0,0.0006246386122972067,0.00012949891410786189,True,46.23350443,0.9511540577,,,,,,,,
dp047_coarse_a0,0,1.0593902131542563,2.0,6.0,OK,3072,0.011855483584519743,150.98447304101137,167.47585383299156,USABLE,True,5.76138530401371,2.0,2.5459712116315814e-10,-0.010076032958966752,,1.3848338101661397,1.3848338101661397,,forebody,1.563557604828916,1.3847583282973739,0.09799222883920947,0.16332038139868246,0.7066551496101452,0.009344769015300555,1.5461000584221156,0.006044090719999992,42759.59762,42766.7157772924,42861.92742,42.7667157772924,0.40704517515,20.242158617,15000.0,10000.0,1.0,1500.0,0.0002392174412445754,0.00014052176859274295,True,54.6005356,0.8510539995,,,,,,,,
dp048_coarse_a0,0,0.9893682401627303,2.0,6.0,OK,3072,0.009853182363986255,255.55378779199964,272.0884484179842,USABLE,True,19.525479145432225,2.0,3.45974360271839e-11,-0.0035825635408140988,,1.4180196639032712,1.4180196639032712,,forebody,1.5774452546879314,1.418016004001863,0.10658942625260019,0.17764904375433366,0.6264925398560632,0.009391856830731557,1.616516818000543,0.005809934499999989,489451.8269,489574.7619968759,490223.3548,489.5747619968759,1.4241356345,114.11285754,25000.0,10000.0,3.0,1500.0,0.0002652429469588888,0.00011987320723902066,True,54.72581713,0.8641674011,,,,,,,,
dp049_coarse_a0,0,0.8719517847523094,2.0,57.25191865037679,OK,3072,0.014232788697137358,152.8455139590078,167.7433560419886,USABLE,True,4.251032939717538,2.0,-2.149773692394774e-10,-0.004216125059407383,,1.312511767292323,1.312511767292323,,forebody,1.4406164468500262,1.312751362822881,0.10144097105377307,0.1690682850896218,0.6599911387927904,0.009324468837110217,1.5810806785903655,0.005897528799999996,23630.89902,23634.068309150847,23687.58817,23.634068309150848,0.02026929984,6.8742600915,15000.0,10000.0,1.0,1500.0,0.00037151183907786864,0.00014012111405431086,True,70.55509431,1.368752613,,,,,,,,
dp050_coarse_a0,0,0.6,2.0,43.01787794036703,OK,3072,0.011175909652748514,97.80026191700017,113.39819541599718,USABLE,True,10.084227665850293,2.0,1.2750844824438445e-10,-0.01390143152048906,,0.8067546320085176,0.8067546320085176,,forebody,1.9994790752258311,0.8067473944474988,0.0492914563025436,0.082152427170906,0.7217614514467041,0.005021186597810402,1.613404302900997,0.0031121688399999986,129520.3648,129568.46736113088,129878.897,129.56846736113087,0.19858093379,35.917498091,10000.0,10000.0,0.0,1500.0,0.0002374897128846992,1.9415633322980037e-05,True,50.51192669,1.134163721,,,,,,,,
dp051_coarse_a0,0,1.476090591363609,2.0,6.0,OK,3072,0.015428482168236448,339.94157279099454,360.29777716599347,REJECTED,True,3.46435059228958,2.0,3.9689973529988265e-10,0.0009854002616105362,"force criterion not met (p2p 0.0006096256421942107, drift 0.0002804212339344847) after 3 extensions",1.4450800491839262,1.4450800491839262,,forebody,1.335459713535738,1.4455395837340625,0.24318501759804062,0.405308362663401,0.5602406179930326,0.01995812596768104,1.6226030814890915,0.012300066599999993,15935.7091,15938.22329428591,15949.23544,15.93822329428591,0.16326855258,5.9524544338,25000.0,10000.0,3.0,1500.0,0.0006096256421942107,0.0002804212339344847,False,63.82548341,1.572511591,,,,,,,,
dp051_coarse_c0,1,1.476090591363609,2.0,6.0,OK,3072,0.015428482168236448,626.7088824590173,665.5603539170115,USABLE,True,3.46435059228958,2.0,3.9689973529988265e-10,-0.0027831435667379223,,1.4445215838405498,1.4445215838405498,,forebody,1.3364115529648994,1.4446991199909118,0.2431246013624079,0.40520766893734644,0.5603498706382304,0.019925196976985526,1.6199259422697385,0.012300066599999993,15877.15903,15878.218529965849,15894.05856,15.87821852996585,0.15751803394,5.9524544338,30000.0,10000.0,4.0,1500.0,0.00031260216920142526,0.00011443080634159523,True,,,True,,,,,,,
dp052_coarse_a0,0,0.6236689711734653,2.0,33.90581592555777,OK,3072,0.010684566014095486,207.8007977080124,226.12434791801206,USABLE,True,3.381934570526792,2.0,-3.643463308833361e-11,-0.0027404928881035184,,0.9801885883591437,0.9801885883591437,,forebody,1.5258768364007755,0.9802147573689473,0.12276598013194244,0.20460996688657074,0.48152085307541814,0.00926493239950972,1.563401286664135,0.005926138399999989,15153.31689,15154.880195307698,15192.53823,15.154880195307697,0.50586881752,13.795848658,20000.0,10000.0,2.0,1500.0,0.00023025572361918292,5.193445756457502e-06,True,53.53905495,1.127086252,,,,,,,,
dp068_coarse_a0,0,0.96,2.0,6.0,OK,3072,0.009545396221656904,158.19331449799938,169.91350120799325,REJECTED,True,27.000000000450765,2.0,-1.6695089755103254e-11,-0.005925273080258475,"force criterion not met (p2p 0.0010452580035623614, drift 0.00016619382146497262) after 3 extensions",1.3186251716593553,1.3186251716593553,,forebody,1.772061327506356,1.3186295339777179,0.12570736807903451,0.2095122801317242,0.5441801122439365,0.009924254678079267,1.5708509895465064,0.006317756899999999,933459.8865,933526.6769915307,934878.1085,933.5266769915307,6.224515561,168.30615693,25000.0,10000.0,3.0,1500.0,0.0010452580035623614,0.00016619382146497262,False,44.82700774,0.9638903095,,,,,,,,
dp068_coarse_c0,1,0.96,2.0,6.0,OK,3072,0.009545396221656904,334.2844502500084,343.0061877079861,REJECTED,True,27.000000000450765,2.0,-1.6695089755103254e-11,-0.01173600376575712,"force criterion not met (p2p 0.0012704419854854272, drift 0.00046926560881314184) after 9 extensions",1.3187861310760378,1.3187861310760378,,forebody,1.7681155404788178,1.3185915663387755,0.12569670788017095,0.20949451313361828,0.5442187665465735,0.009464357440814614,1.4980566030982634,0.006317756899999999,928032.7193,928069.8718230354,929797.5096,928.0698718230354,6.0865448461,168.30615693,55000.0,10000.0,9.0,1500.0,0.0012704419854854272,0.00046926560881314184,False,,,True,,,,,,,
dp068_coarse_Co0p1,2,0.96,2.0,6.0,OK,3072,0.009545396221656904,265.0017722919729,270.14571841697034,REJECTED,True,27.000000000450765,2.0,-1.6695089755103254e-11,-0.006663111406954858,"force criterion not met (p2p 0.0010420933252614213, drift 0.00047897310929214364) after 0 extensions",1.3184181870696916,1.3184181870696916,,forebody,1.7706883617669824,1.3187034078201487,0.12574179700298224,0.20956966167163707,0.5440552716042092,0.009909442216384054,1.5685064134683713,0.006317756899999999,932850.3999,932833.7796241345,934348.0384,932.8337796241345,5.7223711168,6.0984098394,95000.0,40000.0,0.0,,0.0010420933252614213,0.00047897310929214364,False,,,,dp068_coarse_c0,55000.0,0.1,8.0,True,,
dp068_coarse_Co0p05,3,0.96,2.0,6.0,OK,3072,0.009545396221656904,21.874610957995174,24.630569248984102,REJECTED,True,27.000000000450765,2.0,-1.6695089755103254e-11,-0.010323907855389058,"force criterion not met (p2p 0.0009033349781733245, drift 0.0003651930500323636) after 0 extensions",1.3187424388377942,1.3187424388377942,,forebody,1.7690744121457,1.3192726208738124,0.1259179550615447,0.20986325843590786,0.5434165155176862,0.010253390409706561,1.6229479183832736,0.006317756899999999,929370.6234,929395.9584512349,930848.8418,929.3959584512348,4.9145646681,5.6997773003,135000.0,40000.0,0.0,,0.0009033349781733245,0.0003651930500323636,False,,,,dp068_coarse_Co0p1,95000.0,0.05,8.0,True,2.0,False
dp054_coarse_a0,0,0.8447686199098825,2.0,59.736105049068186,OK,3072,0.013291091090257902,152.98613608400046,168.82109012397996,USABLE,True,9.584135772698186,2.0,8.729750256009083e-11,-0.007748216947790154,,1.2970117241012253,1.2970117241012253,,forebody,1.497564195232684,1.2970779531083303,0.04335012070339433,0.07225020117232388,0.8267920777126185,0.005788309375077037,1.5713715913316026,0.0036836031700000008,117727.1596,117810.79307919598,118064.1387,117.81079307919597,0.17166645299,20.012109156,15000.0,10000.0,1.0,1500.0,0.00041302430332661655,2.8857017652235232e-05,True,65.68230661,1.167822096,,,,,,,,
dp055_coarse_a0,0,0.9621850473806262,2.0,6.0,OK,3072,0.01042225773687203,139.88370220900106,153.57898233398737,USABLE,True,5.405110292958288,2.0,-1.565230167699383e-10,-0.005236079636077529,,1.3643309741601712,1.3643309741601712,,forebody,1.559245606701173,1.3641201925629562,0.13388947921823705,0.22314913203039508,0.564530165934263,0.01046946618986494,1.5309126157703796,0.006838709199999987,37878.17029,37880.753540723315,37933.28413,37.88075354072332,0.37265014829,27.001821006,15000.0,10000.0,1.0,1500.0,0.0008593139292239761,0.00010593204155180678,True,52.46175368,0.871773739,,,,,,,,
dp011_coarse_a0,0,0.96,2.0,62.67946015372641,OK,3072,0.010759249140860721,270.12281445901317,287.6267232500104,REJECTED,True,20.00000000083214,2.0,-4.1607162160062217e-11,-0.02105802681739055,"force criterion not met (p2p 0.004546415434812953, drift 0.0025105416623941047) after 3 extensions",1.3917184506441898,1.3917184506441898,,forebody,1.524268141019893,1.390699747446967,0.12696568272893932,0.21160947121489887,0.5412972953634986,0.009796997444209782,1.5450500639578313,0.006340893200000003,504609.4968,504628.948220434,505620.5986,504.62894822043404,3.198307174,77.929337866,25000.0,10000.0,3.0,1500.0,0.004546415434812953,0.0025105416623941047,False,66.00575048,1.148101519,,,,,,,,
dp011_coarse_c0,1,0.96,2.0,62.67946015372641,OK,3072,0.010759249140860721,1025.6982476680132,1076.3254588760174,REJECTED,True,20.00000000083214,2.0,-4.1607162160062217e-11,-0.01554648227021449,"force criterion not met (p2p 0.0023192691001481802, drift 0.0014373256961713488) after 9 extensions",1.391534456781772,1.391534456781772,,forebody,1.5214874723341014,1.3910092117287778,0.126788923212594,0.21131487202099,0.5419358936561642,0.009607784712868231,1.5152099885341432,0.006340893200000003,507443.0816,507470.06138556823,508295.6911,507.4700613855682,2.8041703721,77.929337866,55000.0,10000.0,9.0,1500.0,0.0023192691001481802,0.0014373256961713488,False,,,True,,,,,,,
dp011_coarse_Co0p1,2,0.96,2.0,62.67946015372641,OK,3072,0.010759249140860721,209.41185691699502,213.22030850000738,REJECTED,True,20.00000000083214,2.0,-4.1607162160062217e-11,-0.009285781776257163,"force criterion not met (p2p 0.0008818957560954753, drift 0.0003689630590499339) after 0 extensions",1.391045543458274,1.391045543458274,,forebody,1.5230632245649764,1.3909585457985196,0.12634413602394884,0.21057356003991473,0.5435428246160425,0.010060689884883178,1.5866360727985727,0.006340893200000003,510688.934,510697.35247322853,511485.8864,510.69735247322853,2.1913574183,2.8160716428,95000.0,40000.0,0.0,,0.0008818957560954753,0.0003689630590499339,False,,,,dp011_coarse_c0,55000.0,0.1,8.0,True,,
dp011_coarse_Co0p05,3,0.96,2.0,62.67946015372641,OK,3072,0.010759249140860721,62.96968799998285,65.62428241697489,REJECTED,True,20.00000000083214,2.0,-4.1607162160062217e-11,-0.010975447606022537,"force criterion not met (p2p 0.0005337286144733092, drift 0.0002743139953701283) after 0 extensions",1.3913432119808897,1.3913432119808897,,forebody,1.5234552017380432,1.3910318478816053,0.12651473852052328,0.21085789753420547,0.5429264704570725,0.009891385504215006,1.5599356734497596,0.006340893200000003,509795.1535,509826.3567310126,510542.6439,509.8263567310126,2.1242782075,2.1948786744,135000.0,40000.0,0.0,,0.0005337286144733092,0.0002743139953701283,False,,,,dp011_coarse_Co0p1,95000.0,0.05,8.0,True,2.0,False
dp053_coarse_a0,0,1.3733978133648634,2.0,6.0,OK,3072,0.012058177710735916,280.1390107909974,294.7274972499872,REJECTED,True,9.880583410465201,2.0,-1.001561056312994e-10,-0.0059098379430559955,"force criterion not met (p2p 0.0017607731784523909, drift 0.0010207928989418018) after 3 extensions",1.4943603893152702,1.4943603893152702,,forebody,1.503418260663637,1.4939274598833898,0.17818423168815456,0.29697371948025764,0.561172778358423,0.014687335072768815,1.6262287172317518,0.00903153100000001,125424.403,125414.65107731055,125565.8602,125.41465107731055,1.7376093731,33.78555908,25000.0,10000.0,3.0,1500.0,0.0017607731784523909,0.0010207928989418018,False,64.6167231,1.283483055,,,,,,,,
dp053_coarse_c0,1,1.3733978133648634,2.0,6.0,OK,3072,0.012058177710735916,849.5688217490097,886.3507084159937,REJECTED,True,9.880583410465201,2.0,-1.001561056312994e-10,-0.005648087122147927,"force criterion not met (p2p 0.003435132642780547, drift 0.002171413587313178) after 9 extensions",1.4937209980140236,1.4937209980140236,,forebody,1.5015916765697672,1.491295917648191,0.17774054882026252,0.2962342480337709,0.5622654683139954,0.014626480107029993,1.6194906607783308,0.00903153100000001,125419.857,125447.67362307789,125522.4239,125.44767362307789,1.3486009539,33.78555908,55000.0,10000.0,9.0,1500.0,0.003435132642780547,0.002171413587313178,False,,,True,,,,,,,
dp053_coarse_Co0p1,2,1.3733978133648634,2.0,6.0,OK,3072,0.012058177710735916,177.24405649998516,179.6151294589945,REJECTED,True,9.880583410465201,2.0,-1.001561056312994e-10,-0.0035131161976199587,force criterion not met in 2 consecutive blocks (restart ran 8 blocks),1.4953672772154956,1.4953672772154956,,forebody,1.5044522312839101,1.4946413222447512,0.17825841280446142,0.29709735467410237,0.5609900871468674,0.014777434759644631,1.6362048427497637,0.00903153100000001,125706.4539,125717.02206226358,125816.9548,125.71702206226358,1.4697585817,1.3421562676,95000.0,40000.0,0.0,,0.0009639923552048314,0.00017921618185334464,True,,,,dp053_coarse_c0,55000.0,0.1,8.0,True,,
dp053_coarse_Co0p05,3,1.3733978133648634,2.0,6.0,OK,3072,0.012058177710735916,62.09620308299782,64.43524816598801,USABLE,True,9.880583410465201,2.0,-1.001561056312994e-10,-0.005530465429034126,,1.491160539547184,1.491160539547184,,forebody,1.5008394396092197,1.4915996693305071,0.17761500878246536,0.2960250146374423,0.562574644863847,0.014554639756057142,1.6115362673346443,0.00903153100000001,125442.7443,125462.51280383236,125573.5627,125.46251280383235,1.3323292218,1.4696131717,110000.0,40000.0,0.0,,0.0006164226037137649,7.511330922066926e-05,True,,,,dp053_coarse_Co0p1,95000.0,0.05,3.0,True,2.0,True
dp061_coarse_a0,0,1.38,2.0,6.0,OK,3072,0.012400232652135287,339.59576879300585,374.9626786660374,REJECTED,True,20.00000000083214,2.0,-4.1607162160062217e-11,-0.010984140765594619,"force criterion not met (p2p 0.005318050210545202, drift 0.0011866543223239094) after 3 extensions",1.3686709344003378,1.3686709344003378,,forebody,1.7210697274177709,1.3639970260545908,0.16550062249830869,0.2758343708305145,0.5840542158846143,0.013892178155958973,1.6167077922930209,0.008592881299999994,509753.2012,509821.8755461296,510283.546,509.8218755461296,3.1939538693,61.412043546,25000.0,10000.0,3.0,1500.0,0.005318050210545202,0.0011866543223239094,False,55.48582485,0.878111256,,,,,,,,
dp061_coarse_c0,1,1.38,2.0,6.0,OK,3072,0.012400232652135287,569.982297126,585.4119122529664,REJECTED,True,20.00000000083214,2.0,-4.1607162160062217e-11,-0.0016624663739739365,"force criterion not met (p2p 0.004870752633638949, drift 0.0020881364950512235) after 9 extensions",1.3674386695348026,1.3674386695348026,,forebody,1.7165152223415787,1.3699143660041364,0.16499506498899374,0.2749917749816563,0.5853248124023377,0.013631797063623108,1.586405838472727,0.008592881299999994,514641.9547,514627.0497778605,515242.6903,514.6270497778605,4.6575171278,61.412043546,55000.0,10000.0,9.0,1500.0,0.004870752633638949,0.0020881364950512235,False,,,True,,,,,,,
dp061_coarse_Co0p1,2,1.38,2.0,6.0,OK,3072,0.012400232652135287,216.81877470998734,220.71898933498596,REJECTED,True,20.00000000083214,2.0,-4.1607162160062217e-11,0.0025879063934184376,"force criterion not met (p2p 0.0035495774471821406, drift 0.002044463215549771) after 0 extensions",1.3694772309627672,1.3694772309627672,,forebody,1.7248492400659086,1.3706481979340543,0.16572642958196093,0.2762107159699349,0.5834867043970395,0.01409077648423851,1.6398197522219375,0.008592881299999994,516675.1868,516818.0490381956,517133.6024,516.8180490381956,1.8657085547,4.6519354845,95000.0,40000.0,0.0,,0.0035495774471821406,0.002044463215549771,False,,,,dp061_coarse_c0,55000.0,0.1,8.0,True,,
dp061_coarse_Co0p05,3,1.38,2.0,6.0,OK,3072,0.012400232652135287,100.966720832992,102.9729787089891,REJECTED,True,20.00000000083214,2.0,-4.1607162160062217e-11,-0.007679627641080433,"force criterion not met (p2p 0.0009350141136131253, drift 0.000609809259587605) after 0 extensions",1.3703523250390675,1.3703523250390675,,forebody,1.7260867030244154,1.3696588570669475,0.16595679093523696,0.2765946515587283,0.5829077468543316,0.01398405620198237,1.627400136666892,0.008592881299999994,511560.2225,511525.2992710138,512210.9379,511.5252992710138,1.8393435726,1.8704840197,135000.0,40000.0,0.0,,0.0009350141136131253,0.000609809259587605,False,,,,dp061_coarse_Co0p1,95000.0,0.05,8.0,True,2.0,False
