point_id,case,mach,cd_fore_last_window,cd_fore_previous_window,rel_difference
dp000,dp000_coarse_a0,3.0,0.3894280282504245,0.3894005496671339,7.056139080194147e-05
dp001,dp001_coarse_Co0p05,20.0,0.352517295176836,0.35253499515348435,5.021023617997651e-05
dp002,dp002_coarse_a0,3.0,0.38838634165794717,0.3883841042741021,5.76071711361401e-06
dp003,dp003_coarse_a2,20.0,0.35179980449360293,0.3517973169541931,7.070894804578602e-06
dp004,dp004_coarse_a0,3.0,1.4473346419713398,1.447974925339679,0.0004423879245142055
dp005,dp005_coarse_a0,20.0,1.5514850858114764,1.5493837677669284,0.0013543913916832034
dp006,dp006_coarse_a0,3.0,1.2749384576119163,1.2777857146653866,0.00223325058277991
dp007,dp007_coarse_a0,20.0,1.374933298700589,1.3748637848215828,5.05580009385232e-05
dp008,dp008_coarse_a0,3.0,1.4499198863289957,1.451361121965615,0.000994010531346232
dp009,dp009_coarse_a0,20.0,1.5467154962283463,1.5464221353958407,0.0001896669641061251
dp010,dp010_coarse_a0,3.0,1.3268807201597008,1.3266170592823272,0.00019870729400746993
dp012,dp012_coarse_a0,3.0,1.235436648328965,1.2353585803728346,6.319057819427221e-05
dp013,dp013_coarse_a0,20.0,1.3174850991700935,1.3175067196081245,1.641038524429568e-05
dp014,dp014_coarse_a0,3.0,1.2753171741224045,1.2752736817586445,3.4103174208352695e-05
dp015,dp015_coarse_c0,20.0,1.3633336448045663,1.363322814483315,7.943999102969829e-06
dp016,dp016_coarse_a0,3.0,0.8679722534381631,0.8685751885689212,0.0006946479318547802
dp017,dp017_coarse_a0,20.0,0.8899269554240118,0.8903575430955768,0.00048384608303032205
dp018,dp018_coarse_a0,3.0,0.8563009903960078,0.8563763266374105,8.797869236121845e-05
dp019,dp019_coarse_a0,20.0,0.8816545072818195,0.881812814289096,0.00017955673789333762
dp020,dp020_coarse_a0,3.0,0.8550123870827312,0.8551133790528854,0.00011811755207291219
dp021,dp021_coarse_a0,20.0,0.8808012908390925,0.8809584957759193,0.00017847945780942706
dp022,dp022_coarse_a0,12.85410397448922,1.5053870249876637,1.5058392756618288,0.000300421530582015
dp023,dp023_coarse_a0,9.462523078153232,1.1429408344768877,1.143598642048557,0.0005755394783584892
dp024,dp024_coarse_a0,5.144832881715895,0.8680468952289055,0.8681298961515859,9.561801687964482e-05
dp025,dp025_coarse_a0,4.813687125797088,0.9301443010253879,0.9304052129090604,0.00028050688843104285
dp026,dp026_coarse_a0,11.334642525413372,1.1992380193587555,1.199300654244236,5.222890241080629e-05
dp027,dp027_coarse_a0,6.137030953140419,1.3468621298155157,1.3474478910355459,0.00043490807786719226
dp028,dp028_coarse_a0,15.403960369410036,1.2590192342761883,1.2591872232039514,0.0001334284045784399
dp029,dp029_coarse_a0,3.354095120584024,1.296622881062766,1.2971169618451892,0.00038105203111811546
dp030,dp030_coarse_a0,7.956512824923746,0.7128108943641962,0.7131519514296446,0.0004784678070228066
dp031,dp031_coarse_a0,15.854455586377377,1.4260250146465199,1.425972083765663,3.711777865965653e-05
dp032,dp032_coarse_Co0p1,18.379044046919688,0.8889231295328355,0.888926965353534,4.315132063818174e-06
dp033,dp033_coarse_a0,10.712954107839389,1.471482635855754,1.4714461419793055,2.4800752356365955e-05
dp034,dp034_coarse_a0,7.301871282991542,1.3868518646585688,1.3871829845041808,0.00023875646278449434
dp035,dp035_coarse_a0,7.5724919912054895,1.4222476998457783,1.4222539203936087,4.373744342190121e-06
dp036,dp036_coarse_a0,3.7967148546829392,0.41946187333289997,0.4194534366699665,2.011306264011938e-05
dp037,dp037_coarse_a0,8.93999257878471,1.4452263318535248,1.4448397807507398,0.00026746751997605957
dp038,dp038_coarse_a0,4.841030953010094,1.2631580838579999,1.263162944854774,3.848288536750243e-06
dp039,dp039_coarse_a0,16.296680900991824,1.0873723823918877,1.0867048545564009,0.0006138907390847004
dp040,dp040_coarse_a0,4.5289192398066955,1.3696795135087008,1.3700948830407846,0.0003032603817077075
dp041,dp041_coarse_a0,11.995401434972528,0.9750921763619743,0.9751134551472203,2.1822332043856097e-05
dp042,dp042_coarse_a0,6.522730235169831,1.034380360946379,1.0344122766992945,3.085494864402655e-05
dp043,dp043_coarse_Co0p1,14.501617500218336,0.7232367474564063,0.7232844661535434,6.597935918614391e-05
dp044,dp044_coarse_a0,3.1674785062042874,1.023888282215985,1.0233526550436605,0.0005231304836941993
dp045,dp045_coarse_a0,11.700058762187398,1.3754681979323038,1.3754812198281179,9.4672460138787e-06
dp046,dp046_coarse_a0,8.45184801262078,1.3045444559155777,1.3045283855999679,1.2318718259790137e-05
dp047,dp047_coarse_a0,5.761385305480542,1.384833475303861,1.385240817734873,0.0002941454249021943
dp048,dp048_coarse_a0,19.525479146107756,1.418019875572088,1.4180098046827636,7.102079101968207e-06
dp049,dp049_coarse_a0,4.251032938803662,1.3125123254100168,1.3116493827639382,0.00065747393709929
dp050,dp050_coarse_a0,10.084227667136116,0.8067546386535244,0.8067756816846162,2.608355760677194e-05
dp051,dp051_coarse_c0,3.46435059366458,1.444521503267615,1.4445716565636235,3.471966038233887e-05
dp052,dp052_coarse_a0,3.3819345704035726,0.9801884206960133,0.9802521256741724,6.499258388899486e-05
dp053,dp053_coarse_Co0p05,9.8805834094756,1.4911591591980526,1.4927400787806078,0.0010601950655658714
dp054,dp054_coarse_a0,9.584135773534856,1.297011916912075,1.2969996327900248,9.471094205115982e-06
dp055,dp055_coarse_a0,5.405110292112265,1.3643324836756443,1.3643833914630192,3.731332940030969e-05
dp056,dp056_coarse_a0,3.0,1.2763257896605962,1.2761866748844555,0.00010899629018520166
dp057,dp057_coarse_a0,20.0,1.3639843827199192,1.3645225481450138,0.00039455394937990874
dp058,dp058_coarse_a0,3.0,1.2714576714545707,1.2713668100488829,7.1462391338492e-05
dp059,dp059_coarse_c0,20.0,1.3634793742899567,1.3635222278306338,3.1429548172989335e-05
dp060,dp060_coarse_a0,3.0,1.2700565074420356,1.2701927995486724,0.00010731184466059127
dp064,dp064_coarse_a0,27.0,1.552529414146131,1.5507577728170974,0.0011411322148817396
dp065,dp065_coarse_a0,27.0,1.376139026389404,1.3767366185961318,0.0004342527864323044
dp066,dp066_coarse_a0,27.0,1.5477986522444593,1.547592935232185,0.00013290941426775477
dp069,dp069_coarse_c0,27.0,1.3647158704722409,1.3646552435576251,4.4424569192373695e-05
dp070,dp070_coarse_a0,27.0,0.8899916940482681,0.8904673245081951,0.0005344212346112638
dp071,dp071_coarse_a0,27.0,0.8818268446088758,0.8819348834461366,0.00012251706547747147
dp072,dp072_coarse_a0,27.0,0.8810002987149755,0.88106050807392,6.83420414638726e-05
dp073,dp073_coarse_a0,27.0,1.3650539062877975,1.3654913939964899,0.00032049115912357576
dp074,dp074_coarse_c0,27.0,1.36450592775588,1.364358490956168,0.00010805141752264534
sc1p2,sc1p2_coarse_a0,6.0,0.8869043454805664,0.8869178897712934,1.527142221818246e-05
sc3,sc3_coarse_a0,6.0,0.8869043264583043,0.8869180824657912,1.5510136862008636e-05
