source,label,bluntness_ratio,cone_half_angle_deg,shoulder_ratio,reason,mach
anchor:box_vertex,vertex4,1.35,20.0,0.02,"cone_half_angle_deg (20.000 deg) is too small for this nose_radius_m / diameter_m / shoulder_radius_m combination: the fore cone would need a negative length (-2537.981 mm) - the nose sphere and the shoulder torus overlap. Increase cone_half_angle_deg, decrease nose_radius_m, or increase diameter_m.",
anchor:box_vertex,vertex5,1.35,20.0,0.1,"cone_half_angle_deg (20.000 deg) is too small for this nose_radius_m / diameter_m / shoulder_radius_m combination: the fore cone would need a negative length (-2553.887 mm) - the nose sphere and the shoulder torus overlap. Increase cone_half_angle_deg, decrease nose_radius_m, or increase diameter_m.",
anchor:box_vertex,vertex7,1.35,70.0,0.1,"cone_half_angle_deg (70.000 deg) is too small for this nose_radius_m / diameter_m / shoulder_radius_m combination: the fore cone would need a negative length (-12.022 mm) - the nose sphere and the shoulder torus overlap. Increase cone_half_angle_deg, decrease nose_radius_m, or increase diameter_m.",
fill:sobol,draw1,1.2561509211547675,33.21413582190871,0.06767567530274392,"cone_half_angle_deg (33.214 deg) is too small for this nose_radius_m / diameter_m / shoulder_radius_m combination: the fore cone would need a negative length (-1030.016 mm) - the nose sphere and the shoulder torus overlap. Increase cone_half_angle_deg, decrease nose_radius_m, or increase diameter_m.",7.122092735950518
fill:sobol,draw2,0.7305256448686124,46.71084483154118,0.045867926701903344,"cone_half_angle_deg (46.711 deg) is too small for this nose_radius_m / diameter_m / shoulder_radius_m combination: the fore cone would need a negative length (-17.323 mm) - the nose sphere and the shoulder torus overlap. Increase cone_half_angle_deg, decrease nose_radius_m, or increase diameter_m.",3.57262582654257
fill:sobol,draw3,0.80533592319116,27.367734564468265,0.09336963586509228,"cone_half_angle_deg (27.368 deg) is too small for this nose_radius_m / diameter_m / shoulder_radius_m combination: the fore cone would need a negative length (-523.105 mm) - the nose sphere and the shoulder torus overlap. Increase cone_half_angle_deg, decrease nose_radius_m, or increase diameter_m.",10.370840720288586
fill:sobol,draw5,1.0662081952206792,61.97080237790942,0.057455838471651074,"cone_half_angle_deg (61.971 deg) is too small for this nose_radius_m / diameter_m / shoulder_radius_m combination: the fore cone would need a negative length (-20.117 mm) - the nose sphere and the shoulder torus overlap. Increase cone_half_angle_deg, decrease nose_radius_m, or increase diameter_m.",4.1547523677101355
fill:sobol,draw7,1.173315187636763,54.560373751446605,0.021753371879458427,"cone_half_angle_deg (54.560 deg) is too small for this nose_radius_m / diameter_m / shoulder_radius_m combination: the fore cone would need a negative length (-161.825 mm) - the nose sphere and the shoulder torus overlap. Increase cone_half_angle_deg, decrease nose_radius_m, or increase diameter_m.",18.881197903555133
fill:sobol,draw8,0.7759346893057227,22.26857177913189,0.05092109218239785,"cone_half_angle_deg (22.269 deg) is too small for this nose_radius_m / diameter_m / shoulder_radius_m combination: the fore cone would need a negative length (-650.161 mm) - the nose sphere and the shoulder torus overlap. Increase cone_half_angle_deg, decrease nose_radius_m, or increase diameter_m.",17.247219293544827
fill:sobol,draw9,0.8883379851467907,52.597396802157164,0.0884349523484707,"cone_half_angle_deg (52.597 deg) is too small for this nose_radius_m / diameter_m / shoulder_radius_m combination: the fore cone would need a negative length (-68.180 mm) - the nose sphere and the shoulder torus overlap. Increase cone_half_angle_deg, decrease nose_radius_m, or increase diameter_m.",5.9747394683974875
fill:sobol,draw11,1.3482926732860507,57.68848809413612,0.07272754512727261,"cone_half_angle_deg (57.688 deg) is too small for this nose_radius_m / diameter_m / shoulder_radius_m combination: the fore cone would need a negative length (-193.186 mm) - the nose sphere and the shoulder torus overlap. Increase cone_half_angle_deg, decrease nose_radius_m, or increase diameter_m.",8.672015909285376
fill:sobol,draw13,1.0892933915369212,30.093686636537313,0.03676980420947075,"cone_half_angle_deg (30.094 deg) is too small for this nose_radius_m / diameter_m / shoulder_radius_m combination: the fore cone would need a negative length (-926.444 mm) - the nose sphere and the shoulder torus overlap. Increase cone_half_angle_deg, decrease nose_radius_m, or increase diameter_m.",3.0828868004866647
fill:sobol,draw15,0.9730636247433723,36.74575353972614,0.04247846983373165,"cone_half_angle_deg (36.746 deg) is too small for this nose_radius_m / diameter_m / shoulder_radius_m combination: the fore cone would need a negative length (-463.135 mm) - the nose sphere and the shoulder torus overlap. Increase cone_half_angle_deg, decrease nose_radius_m, or increase diameter_m.",14.05550452553504
fill:sobol,draw17,0.9490665898658336,21.192228542640805,0.02365336462855339,"cone_half_angle_deg (21.192 deg) is too small for this nose_radius_m / diameter_m / shoulder_radius_m combination: the fore cone would need a negative length (-1196.178 mm) - the nose sphere and the shoulder torus overlap. Increase cone_half_angle_deg, decrease nose_radius_m, or increase diameter_m.",6.689690882088302
fill:sobol,draw19,1.1164307328872383,38.75890716910362,0.05811443351209164,"cone_half_angle_deg (38.759 deg) is too small for this nose_radius_m / diameter_m / shoulder_radius_m combination: the fore cone would need a negative length (-573.029 mm) - the nose sphere and the shoulder torus overlap. Increase cone_half_angle_deg, decrease nose_radius_m, or increase diameter_m.",12.445825801620462
fill:sobol,draw21,1.3045730142854155,48.77301541157067,0.09152945265173913,"cone_half_angle_deg (48.773 deg) is too small for this nose_radius_m / diameter_m / shoulder_radius_m combination: the fore cone would need a negative length (-411.121 mm) - the nose sphere and the shoulder torus overlap. Increase cone_half_angle_deg, decrease nose_radius_m, or increase diameter_m.",4.391789076306758
fill:sobol,draw22,0.733699948899448,37.2326254658401,0.03458498887717724,"cone_half_angle_deg (37.233 deg) is too small for this nose_radius_m / diameter_m / shoulder_radius_m combination: the fore cone would need a negative length (-144.028 mm) - the nose sphere and the shoulder torus overlap. Increase cone_half_angle_deg, decrease nose_radius_m, or increase diameter_m.",5.440678248884946
fill:sobol,draw25,1.1956941903568805,64.40053370781243,0.04305033877491951,"cone_half_angle_deg (64.401 deg) is too small for this nose_radius_m / diameter_m / shoulder_radius_m combination: the fore cone would need a negative length (-23.619 mm) - the nose sphere and the shoulder torus overlap. Increase cone_half_angle_deg, decrease nose_radius_m, or increase diameter_m.",4.981110029753001
fill:sobol,draw26,0.6363621946424246,27.860429864376783,0.06110625647008419,"cone_half_angle_deg (27.860 deg) is too small for this nose_radius_m / diameter_m / shoulder_radius_m combination: the fore cone would need a negative length (-158.195 mm) - the nose sphere and the shoulder torus overlap. Increase cone_half_angle_deg, decrease nose_radius_m, or increase diameter_m.",4.014860526443228
fill:sobol,draw27,1.0363951581530273,46.029716804623604,0.0386002754420042,"cone_half_angle_deg (46.030 deg) is too small for this nose_radius_m / diameter_m / shoulder_radius_m combination: the fore cone would need a negative length (-267.822 mm) - the nose sphere and the shoulder torus overlap. Increase cone_half_angle_deg, decrease nose_radius_m, or increase diameter_m.",9.228473578412745
fill:sobol,draw29,0.8506589277647436,43.07079588063061,0.07205923572182656,"cone_half_angle_deg (43.071 deg) is too small for this nose_radius_m / diameter_m / shoulder_radius_m combination: the fore cone would need a negative length (-180.783 mm) - the nose sphere and the shoulder torus overlap. Increase cone_half_angle_deg, decrease nose_radius_m, or increase diameter_m.",3.669813738284528
fill:sobol,draw31,1.216249888855964,23.135954588651657,0.08650559954345227,"cone_half_angle_deg (23.136 deg) is too small for this nose_radius_m / diameter_m / shoulder_radius_m combination: the fore cone would need a negative length (-1756.394 mm) - the nose sphere and the shoulder torus overlap. Increase cone_half_angle_deg, decrease nose_radius_m, or increase diameter_m.",13.303534056940498
fill:sobol,draw32,0.7102469261735678,40.88063848204911,0.06579927705228329,"cone_half_angle_deg (40.881 deg) is too small for this nose_radius_m / diameter_m / shoulder_radius_m combination: the fore cone would need a negative length (-73.541 mm) - the nose sphere and the shoulder torus overlap. Increase cone_half_angle_deg, decrease nose_radius_m, or increase diameter_m.",13.605027468827872
fill:sobol,draw35,1.2764296890236437,51.54512597247958,0.04774190977215767,"cone_half_angle_deg (51.545 deg) is too small for this nose_radius_m / diameter_m / shoulder_radius_m combination: the fore cone would need a negative length (-297.197 mm) - the nose sphere and the shoulder torus overlap. Increase cone_half_angle_deg, decrease nose_radius_m, or increase diameter_m.",10.99234062281801
fill:sobol,draw37,1.153032207209617,36.18052418343723,0.08182324104011059,"cone_half_angle_deg (36.181 deg) is too small for this nose_radius_m / diameter_m / shoulder_radius_m combination: the fore cone would need a negative length (-732.537 mm) - the nose sphere and the shoulder torus overlap. Increase cone_half_angle_deg, decrease nose_radius_m, or increase diameter_m.",3.9077512465938478
fill:sobol,draw39,1.0459336563013495,30.309707280248404,0.0773658336699009,"cone_half_angle_deg (30.310 deg) is too small for this nose_radius_m / diameter_m / shoulder_radius_m combination: the fore cone would need a negative length (-848.897 mm) - the nose sphere and the shoulder torus overlap. Increase cone_half_angle_deg, decrease nose_radius_m, or increase diameter_m.",17.814166618192388
fill:sobol,draw41,1.3298953208141029,26.809872342273593,0.05279740475118161,"cone_half_angle_deg (26.810 deg) is too small for this nose_radius_m / diameter_m / shoulder_radius_m combination: the fore cone would need a negative length (-1644.676 mm) - the nose sphere and the shoulder torus overlap. Increase cone_half_angle_deg, decrease nose_radius_m, or increase diameter_m.",5.61888358026892
fill:sobol,draw43,0.8699491069652141,33.43752359971404,0.028344938009977342,"cone_half_angle_deg (33.438 deg) is too small for this nose_radius_m / diameter_m / shoulder_radius_m combination: the fore cone would need a negative length (-419.166 mm) - the nose sphere and the shoulder torus overlap. Increase cone_half_angle_deg, decrease nose_radius_m, or increase diameter_m.",8.182890439157937
fill:sobol,draw45,0.9914566827006639,55.856740502640605,0.06239208780229091,"cone_half_angle_deg (55.857 deg) is too small for this nose_radius_m / diameter_m / shoulder_radius_m combination: the fore cone would need a negative length (-68.230 mm) - the nose sphere and the shoulder torus overlap. Increase cone_half_angle_deg, decrease nose_radius_m, or increase diameter_m.",3.278224531011015
fill:sobol,draw47,1.1076949565671383,60.92341912910342,0.09683604821562768,"cone_half_angle_deg (60.923 deg) is too small for this nose_radius_m / diameter_m / shoulder_radius_m combination: the fore cone would need a negative length (-58.781 mm) - the nose sphere and the shoulder torus overlap. Increase cone_half_angle_deg, decrease nose_radius_m, or increase diameter_m.",14.89610529572942
fill:sobol,draw49,1.13267492717132,45.41615702211857,0.07804518662393094,"cone_half_angle_deg (45.416 deg) is too small for this nose_radius_m / diameter_m / shoulder_radius_m combination: the fore cone would need a negative length (-376.504 mm) - the nose sphere and the shoulder torus overlap. Increase cone_half_angle_deg, decrease nose_radius_m, or increase diameter_m.",6.314426979671144
fill:sobol,draw53,0.9146853038109839,24.573462158441544,0.04716143868863583,"cone_half_angle_deg (24.573 deg) is too small for this nose_radius_m / diameter_m / shoulder_radius_m combination: the fore cone would need a negative length (-882.040 mm) - the nose sphere and the shoulder torus overlap. Increase cone_half_angle_deg, decrease nose_radius_m, or increase diameter_m.",4.652660890165985
fill:sobol,draw55,1.288332999777049,42.1645534504205,0.03146137520670891,"cone_half_angle_deg (42.165 deg) is too small for this nose_radius_m / diameter_m / shoulder_radius_m combination: the fore cone would need a negative length (-613.609 mm) - the nose sphere and the shoulder torus overlap. Increase cone_half_angle_deg, decrease nose_radius_m, or increase diameter_m.",16.86452230563541
fill:sobol,draw57,1.022556998487562,40.20220831036568,0.09868727497756481,"cone_half_angle_deg (40.202 deg) is too small for this nose_radius_m / diameter_m / shoulder_radius_m combination: the fore cone would need a negative length (-432.092 mm) - the nose sphere and the shoulder torus overlap. Increase cone_half_angle_deg, decrease nose_radius_m, or increase diameter_m.",5.276371383112306
fill:sobol,draw59,1.1818644066341222,20.29177968390286,0.06298227086663247,"cone_half_angle_deg (20.292 deg) is too small for this nose_radius_m / diameter_m / shoulder_radius_m combination: the fore cone would need a negative length (-1987.597 mm) - the nose sphere and the shoulder torus overlap. Increase cone_half_angle_deg, decrease nose_radius_m, or increase diameter_m.",9.81755376629968
fill:sobol,draw62,0.6707476932555437,31.193061945959926,0.08962927982211114,"cone_half_angle_deg (31.193 deg) is too small for this nose_radius_m / diameter_m / shoulder_radius_m combination: the fore cone would need a negative length (-171.904 mm) - the nose sphere and the shoulder torus overlap. Increase cone_half_angle_deg, decrease nose_radius_m, or increase diameter_m.",6.896410912430433
fill:sobol,draw63,0.8644928748719395,48.947071405127645,0.05214741185307503,"cone_half_angle_deg (48.947 deg) is too small for this nose_radius_m / diameter_m / shoulder_radius_m combination: the fore cone would need a negative length (-89.523 mm) - the nose sphere and the shoulder torus overlap. Increase cone_half_angle_deg, decrease nose_radius_m, or increase diameter_m.",12.504934795572362
fill:sobol,draw64,0.6187412816099822,29.427255485206842,0.09762072823941709,"cone_half_angle_deg (29.427 deg) is too small for this nose_radius_m / diameter_m / shoulder_radius_m combination: the fore cone would need a negative length (-109.569 mm) - the nose sphere and the shoulder torus overlap. Increase cone_half_angle_deg, decrease nose_radius_m, or increase diameter_m.",12.809858461776257
fill:sobol,draw65,1.0544860418885946,50.71214910596609,0.04013366810977459,"cone_half_angle_deg (50.712 deg) is too small for this nose_radius_m / diameter_m / shoulder_radius_m combination: the fore cone would need a negative length (-179.112 mm) - the nose sphere and the shoulder torus overlap. Increase cone_half_angle_deg, decrease nose_radius_m, or increase diameter_m.",7.038243965957108
fill:sobol,draw69,1.267910903505981,21.65173802524805,0.07475797347724437,"cone_half_angle_deg (21.652 deg) is too small for this nose_radius_m / diameter_m / shoulder_radius_m combination: the fore cone would need a negative length (-2066.820 mm) - the nose sphere and the shoulder torus overlap. Increase cone_half_angle_deg, decrease nose_radius_m, or increase diameter_m.",4.165246507173023
