point_id,role,split,mach,bluntness_ratio,cone_half_angle_deg,shoulder_ratio,diameter_m,label,mesh_level,attempts,verdict,reasons,case,attempt,sizing_radius_m,standoff_margin,asymptote_margin_deg,status,n_cells,h_m,solver_wall_time_s,total_wall_time_s,shock_clearance_ok,outer_outlet_min_mach,outer_outlet_n_faces,outer_outlet_mach_deficit_rel,p_stag_rel_error_vs_rayleigh_pitot,cd_total,cd_fore,cd_aft,mesh_extent,outlet_min_mach,cd_total_last_iteration,standoff_m,standoff_over_max_radius,upstream_clearance_fraction,shock_thickness_m,shock_thickness_cells,stagnation_line_cell_size_at_shock_m,p_stag_wall_face_pa,p_stag_line_extrapolated_pa,p_max_on_body_pa,p_stag_over_p_inf,final_mean_abs_drho_dtau,initial_mean_abs_drho_dtau,n_iterations,n_iterations_planned,n_extensions,startup_first_order_iterations,cd_fore_peak_to_peak_rel,cd_fore_drift_rel,cd_fore_converged,max_non_orthogonality_deg,max_skewness,nose_radius_m,shoulder_radius_m,patience_pass,gate_G4_status_at_build
dp000,anchor,train,3.0,0.25,20.0,0.02,1.2,vertex0,coarse,1,USABLE,,dp000_coarse_a0,0,0.6,2.0,15.626892663754036,OK,3072,0.0184642923232615,275.0823490000039,312.00665174997994,True,3.000000000124821,2,-4.1606940115457285e-11,-0.0084291910226576,0.3894280396501196,0.3894280396501196,,forebody,1.7938840957485551,0.3895019377386495,0.0661833038263129,0.1103055063771882,0.7309176907879671,0.0067256843936265,1.5565504317589067,0.00432089077,11948.89153,11959.300525882116,11948.89153,11.959300525882115,0.18036525218,2.96789717,10000,10000,0,1500,0.0006232099089711,4.374997077752412e-05,True,51.50941665,0.9875025804,0.3,0.024,,IN_PROGRESS
dp002,anchor,train,3.0,0.25,20.0,0.1,1.2,vertex1,coarse,1,USABLE,,dp002_coarse_a0,0,0.6,2.0,15.626892663754036,OK,3072,0.0186402792227562,276.7504234579974,312.81535870603693,True,3.000000000124821,2,-4.1606940115457285e-11,-0.0086080127360281,0.3883864038680498,0.3883864038680498,,forebody,1.8956114137692697,0.3883787731201386,0.0661696428181105,0.1102827380301842,0.7309732325246401,0.0067305802431741,1.5576833848758127,0.00432089108,11946.7061,11957.143763509332,11946.7061,11.957143763509333,0.17718156597,2.894149254,10000,10000,0,1500,0.0003304137210357,3.093462145062271e-06,True,51.62825285,0.9971405003,0.3,0.12,,IN_PROGRESS
dp003,anchor,train,20.0,0.25,20.0,0.1,1.2,vertex1,coarse,3,USABLE,,dp003_coarse_a2,2,0.6,5.120000000000001,32.34299583437054,OK,3072,0.0204518529457038,141.97376820800127,180.00094608399377,True,20.00000000083214,2,-4.1607162160062217e-11,-0.0138334800524283,0.3518000934453476,0.3518000934453476,,forebody,2.523211368410579,0.3517261375901001,0.0408076764777118,0.0680127941295196,0.9078560483434908,0.0087608238112964,1.6042741145119124,0.0054609269899999,506982.4189,508353.0866630015,506982.4189,508.35308666300153,1.7215559879,16.489838983,10000,10000,0,1500,0.0007356229866837,1.2179320450720172e-05,True,51.64029334,0.9333248366,0.3,0.12,,IN_PROGRESS
dp004,anchor,train,3.0,0.25,70.0,0.02,1.2,vertex2,coarse,1,USABLE,,dp004_coarse_a0,0,1.2,2.0,6.0,OK,3072,0.0148220917974636,306.6288735419803,338.6340197919926,True,3.000000000124821,2,-4.1606940115457285e-11,0.0058671797724603,1.4473356343396022,1.4473356343396022,,forebody,1.2999162757471183,1.4472762212659946,0.1981952889550918,0.3303254815918197,0.5970974328590475,0.0165035399596,1.5534856231835843,0.0106235549999999,12128.54732,12131.72854939825,12154.08853,12.13172854939825,0.19415274762,5.8791728166,15000,10000,1,1500,0.0005144206612572,4.8815161693715166e-05,True,67.30335923,1.657142083,0.3,0.024,,IN_PROGRESS
dp005,anchor,train,20.0,0.25,70.0,0.02,1.2,vertex2,coarse,1,USABLE,,dp005_coarse_a0,0,1.2,2.0,6.0,OK,3072,0.0113336681068839,204.56877029199677,240.34308204399713,True,20.00000000083214,2,-4.1607162160062217e-11,-0.007586859382052,1.5514834692305306,1.5514834692305306,,forebody,1.4681271658729351,1.5509558417778375,0.1085757935946043,0.1809596559910073,0.6861891553091443,0.0102319877143521,1.5869636847852313,0.0064475248,511527.0957,511573.1198265361,512721.751,511.5731198265362,2.5573133169,82.768192981,10000,10000,0,1500,0.0006968080469338,9.65993404331154e-05,True,67.43657606,1.389344046,0.3,0.024,,IN_PROGRESS
dp006,anchor,train,3.0,0.25,70.0,0.1,1.2,vertex3,coarse,1,USABLE,,dp006_coarse_a0,0,1.2,2.0,6.0,OK,3072,0.0155853856097361,117.98110866600472,131.22503729000164,True,3.000000000124821,2,-4.1606940115457285e-11,-0.0058585503100764,1.274939687633874,1.274939687633874,,forebody,1.4454890674040202,1.2746380177973506,0.1833954984513115,0.3056591640855192,0.6271832821169099,0.0159420025719241,1.591814302652317,0.0100149888999999,11987.4635,11990.304932776196,12012.8675,11.990304932776196,0.088281715095,4.9709037944,15000,10000,1,1500,0.0006225224826666,2.580207793782227e-05,True,57.03640152,1.018082677,0.3,0.12,,IN_PROGRESS
dp007,anchor,train,20.0,0.25,70.0,0.1,1.2,vertex3,coarse,1,USABLE,,dp007_coarse_a0,0,1.2,2.0,6.0,OK,3072,0.0119993309285335,124.9216867500072,138.17478591602412,True,20.00000000083214,2,-4.1607162160062217e-11,-0.0087826325059697,1.3749329519556486,1.3749329519556486,,forebody,1.7059797638814116,1.374873923465512,0.1018423871672725,0.1697373119454542,0.7056503619801019,0.0095780906577334,1.5300143153118937,0.0062601313999999,510847.3928,510956.7178840685,512098.801,510.9567178840685,3.904973318,67.967779253,15000,10000,1,1500,0.0002977664818204,9.291590840874684e-05,True,57.061521,0.8459456495,0.3,0.12,,IN_PROGRESS
dp008,anchor,train,3.0,1.35,70.0,0.02,1.2,vertex6,coarse,1,USABLE,,dp008_coarse_a0,0,1.62,2.0,6.0,OK,3072,0.0178532404415902,256.3574926269939,269.9540648770053,True,3.000000000124821,2,-4.1606940115457285e-11,-0.0004840619427313,1.449920403956327,1.449920403956327,,forebody,1.3043772829099556,1.4502428180714426,0.2774488892677661,0.4624148154462769,0.582212031130054,0.0231799921664352,1.616256258397373,0.0143417803,12051.98863,12055.126447262111,12063.51983,12.055126447262111,0.10289021879,3.4021139111,20000,10000,2,1500,0.0003803942611123,6.441746087112632e-06,True,67.25503113,1.889553849,1.62,0.024,,IN_PROGRESS
dp009,anchor,train,20.0,1.35,70.0,0.02,1.2,vertex6,coarse,1,USABLE,,dp009_coarse_a0,0,1.62,2.0,6.0,OK,3072,0.0132967090016981,306.52494004201435,320.9298720009683,True,20.00000000083214,2,-4.1607162160062217e-11,0.0157410708679361,1.546715257218217,1.546715257218217,,forebody,1.4731421786871872,1.546730154375357,0.1887330551566848,0.314555091927808,0.5959369504557552,0.0155883787488122,1.5453478075555998,0.0100872946999999,523469.6608,523598.29519820784,524224.2143,523.5982951982079,1.0657721411,52.234305389,25000,10000,3,1500,0.0001068192270968,4.154165879270476e-05,True,67.41008352,1.634454192,1.62,0.024,,IN_PROGRESS
dp010,anchor,train,3.0,0.8,52.520127555148015,0.02,1.2,boundary0,coarse,1,USABLE,,dp010_coarse_a0,0,0.96,2.0,54.12412101043785,OK,3072,0.0156567406433775,215.9841486660007,233.90843812402457,True,3.000000000124821,2,-4.1606940115457285e-11,0.0032010686942449,1.3268807247825016,1.3268807247825016,,forebody,1.3158022322151195,1.3267502323739664,0.2060904811775967,0.3434841352959945,0.4763095507495751,0.0146377841744105,1.4861652981327846,0.0098493647999999,12097.67665,12099.57267779424,12116.28351,12.09957267779424,0.086369832323,3.6734520519,20000,10000,2,1500,0.0002110109681795,9.643964736609632e-05,True,73.31431753,1.288357203,0.96,0.024,,IN_PROGRESS
dp012,anchor,train,3.0,0.8,55.65009542095352,0.1,1.2,boundary1,coarse,1,USABLE,,dp012_coarse_a0,0,0.96,2.0,6.0,OK,3072,0.0126186351186078,217.89027987601003,234.744230833021,True,3.000000000124821,2,-4.1606940115457285e-11,0.0005026790311273,1.23543602909752,1.23543602909752,,forebody,1.4705994238799551,1.2354228865443555,0.2027827523199807,0.3379712538666345,0.4847147230872086,0.0155008377499616,1.620901835256496,0.0095630946999999,12065.7273,12067.027495317116,12084.25963,12.067027495317117,0.28114376282,8.8554601012,20000,10000,2,1500,0.0003538200456389,4.4673701528123265e-06,True,47.05884467,0.8326391039,0.96,0.12,,IN_PROGRESS
dp013,anchor,train,20.0,0.8,55.65009542095352,0.1,1.2,boundary1,coarse,1,USABLE,,dp013_coarse_a0,0,0.96,2.0,6.0,OK,3072,0.0095832977240166,158.9821657499997,177.0601221260149,True,20.00000000083214,2,-4.1607162160062217e-11,-0.0057898024082687,1.3174862221571244,1.3174862221571244,,forebody,1.7619290290681429,1.3170683646672916,0.1263084322409927,0.2105140537349879,0.5436718155485187,0.0102467441117747,1.615977827696658,0.006340894,512475.2462,512499.47398788057,513254.5973,512.4994739878806,4.9478160515,123.26681908,15000,10000,1,1500,0.0009055890336354,7.887464118105832e-06,True,44.8277307,0.9621206942,0.96,0.12,,IN_PROGRESS
dp014,anchor,train,3.0,1.2,69.17631373650207,0.1,1.2,boundary2,coarse,1,USABLE,,dp014_coarse_a0,0,1.44,2.0,6.0,OK,3072,0.0170004034633719,254.65981141700468,270.73479537801177,True,3.000000000124821,2,-4.1606940115457285e-11,0.0095367076270989,1.2753172552637837,1.2753172552637837,,forebody,1.4529747646456912,1.2754151254063737,0.2530286569327234,0.4217144282212057,0.5713575569164971,0.0194677869912072,1.4827100198521592,0.0131298681,12173.45323,12175.986595323362,12188.84677,12.175986595323362,0.11051656824,3.8444170376,20000,10000,2,1500,0.0001583300449759,5.433875620856348e-06,True,56.29487459,1.089276087,1.44,0.12,,IN_PROGRESS
dp015,anchor,train,20.0,1.2,69.17631373650207,0.1,1.2,boundary2,coarse,2,USABLE,,dp015_coarse_c0,1,1.44,2.0,6.0,OK,3072,0.0128160062185606,663.0100247919763,715.4213935409789,True,20.00000000083214,2,-4.1607162160062217e-11,-0.0072618428085878,1.363333110509077,1.363333110509077,,forebody,1.7137822475903477,1.362873305257763,0.1704798842377878,0.2841331403963131,0.5893925439525247,0.0125216489956739,1.3964947084642894,0.0089664851,511690.9297,511740.66067789856,512354.0352,511.7406606778986,3.1904062252,56.016938469,35000,10000,5,1500,0.0007699509706159,6.659614180897018e-07,True,,,1.44,0.12,True,IN_PROGRESS
dp016,anchor,train,3.0,0.5,25.0,0.1,1.2,baseline,coarse,1,USABLE,,dp016_coarse_a0,0,0.6,2.0,20.311940503518812,OK,3072,0.0112026118217445,119.24305375000404,134.84195450198604,True,3.000000000124821,2,-4.1606940115457285e-11,-0.0058091815614045,0.8679730902103046,0.8679730902103046,,forebody,1.6681646175486051,0.8678247561549304,0.1300134765672841,0.2166891276121402,0.471402536881207,0.009603536419428,1.560065201564341,0.0061558557999999,11989.63126,11990.900367511273,12020.0469,11.990900367511273,0.96103769783,11.02687998,10000,10000,0,1500,0.0009543186897003,1.9079702659501073e-06,True,45.9720469,1.008058373,0.6,0.12,,IN_PROGRESS
dp017,anchor,train,20.0,0.5,25.0,0.1,1.2,baseline,coarse,1,USABLE,,dp017_coarse_a0,0,0.6,2.0,29.88614007722539,OK,3072,0.008704547483546,118.7230951669917,134.41446299997915,True,20.00000000083214,2,-4.1607162160062217e-11,-0.0095303211042593,0.8899271755415644,0.8899271755415644,,forebody,2.0500604371707665,0.8897346521103946,0.0792543447354749,0.1320905745591248,0.5418707606278901,0.0061229904604596,1.5450159377258517,0.0039630597399999,510506.0381,510571.2963562485,512013.6263,510.5712963562484,20.942411462,139.25949375,10000,10000,0,1500,0.0006112558096904,5.3340714337659914e-05,True,41.61559387,1.09087579,0.6,0.12,,IN_PROGRESS
dp018,anchor,train,3.0,0.5,20.0,0.02,1.2,blunt_lo_angle_a,coarse,1,USABLE,,dp018_coarse_a0,0,0.6,2.0,15.626892663754036,OK,3072,0.011065185331707,151.19601745699765,167.18163658199774,True,3.000000000124821,2,-4.1606940115457285e-11,-0.0067238676523037,0.8563007139360854,0.8563007139360854,,forebody,1.7473559066096491,0.8562375998236492,0.1300704484109427,0.2167840806849045,0.4711709057240204,0.0096624378613348,1.5696335611589314,0.0061558557999999,11977.91733,11979.868370856198,12007.40391,11.9798683708562,0.31984169669,11.513634986,15000,10000,1,1500,0.0004423404302913,5.5022136661648506e-05,True,43.7720602,0.9561938283,0.6,0.024,,IN_PROGRESS
dp019,anchor,train,20.0,0.5,20.0,0.02,1.2,blunt_lo_angle_a,coarse,1,USABLE,,dp019_coarse_a0,0,0.6,2.0,24.342995834370537,OK,3072,0.0085903759971435,101.11520379099238,116.25472345901652,True,20.00000000083214,2,-4.1607162160062217e-11,-0.0102837389950968,0.8816540621613268,0.8816540621613268,,forebody,2.046040380878753,0.8817007298076815,0.0792705709856776,0.1321176183094628,0.541776964891037,0.0061295816923522,1.546679089547373,0.00396305978,510109.6741,510182.9214696474,511656.0989,510.1829214696474,24.732806098,145.43987592,10000,10000,0,1500,0.0005639598368487,7.067397351270967e-05,True,39.50858512,1.045758051,0.6,0.024,,IN_PROGRESS
dp020,anchor,train,3.0,0.5,20.0,0.1,1.2,blunt_lo_angle_b,coarse,1,USABLE,,dp020_coarse_a0,0,0.6,2.0,15.626892663754036,OK,3072,0.011228533494566,152.44251891701424,168.07940325101663,True,3.000000000124821,2,-4.1606940115457285e-11,-0.0083093236320381,0.8550122056373115,0.8550122056373115,,forebody,1.7900646560688631,0.8549317670240113,0.1300952607554657,0.2168254345924429,0.4710700258559083,0.0098296699386969,1.5967998502071736,0.0061558559999999,11959.50364,11960.74624224921,11989.27245,11.96074624224921,0.35833459411,11.017665683,15000,10000,1,1500,0.0004512295585315,5.353781157603628e-05,True,43.46634222,0.9686712978,0.6,0.12,,IN_PROGRESS
dp021,anchor,train,20.0,0.5,20.0,0.1,1.2,blunt_lo_angle_b,coarse,1,USABLE,,dp021_coarse_a0,0,0.6,2.0,24.342995834370537,OK,3072,0.008728980333834,99.31372900000132,115.9455259989918,True,20.00000000083214,2,-4.1607162160062217e-11,-0.0107999495380409,0.8808016542892206,0.8808016542892206,,forebody,2.144122865553471,0.8809430584908298,0.0793147714984771,0.1321912858307952,0.5415214641058591,0.0061510958462795,1.5521077229546192,0.0039630598799999,509874.8474,509916.8231814114,511373.0721,509.9168231814114,27.247335634,138.51645057,10000,10000,0,1500,0.0005249765344751,0.0001322658140575,True,39.10526119,1.048816141,0.6,0.12,,IN_PROGRESS
dp022,fill,train,12.85410397448922,0.2704371547326445,66.64569199085236,0.0301569341123104,1.2,draw0,coarse,1,USABLE,,dp022_coarse_a0,0,1.132913839817047,2.0,6.0,OK,3072,0.011359302853189,214.21138295800483,229.96226229199965,True,12.854103975517829,2,-8.002154494590741e-11,-0.0021779548828784,1.5053869576509744,1.5053869576509744,,forebody,1.4999762858690713,1.5056855107050895,0.0900144008939917,0.1500240014899863,0.7275838299236698,0.0086141516279317,1.4839694946259812,0.00580480371,212655.279,212737.10215292763,213203.1911,212.73710215292763,0.98162843723,52.16324899,20000,10000,2,1500,0.0003506877474336,0.0001133533698122,True,62.84781661,1.155710676,0.3245245856791734,0.0361883209347724,,IN_PROGRESS
dp023,fill,test,9.462523078153232,0.6071282286196947,44.13978986442089,0.0849471478164196,1.2,draw4,coarse,1,USABLE,,dp023_coarse_a0,0,0.7285538743436336,2.0,49.30239718287338,OK,3072,0.0096164209034713,209.54945904300257,226.54207183200924,True,9.462523079606692,2,-1.5360179794754458e-10,-0.001960635607816,1.142940719122998,1.142940719122998,,forebody,1.7883997696464793,1.142877958477728,0.100219849202577,0.167033082004295,0.5361142813399598,0.0081837027118232,1.653528282581596,0.00494923661,115503.2184,115521.4421762943,115720.2225,115.5214421762943,0.91573609536,50.083390188,20000,10000,2,1500,0.0005117692737913,5.032053334142496e-05,True,57.08342139,1.283910105,0.7285538743436336,0.1019365773797035,,IN_PROGRESS
dp024,fill,test,5.144832881715895,0.49076446313411,25.76896709389985,0.0792422201484441,1.2,draw6,coarse,1,USABLE,,dp024_coarse_a0,0,0.6,2.0,24.74778852972969,OK,3072,0.0096265063617717,159.49905816699902,174.947430331973,True,5.144832880250614,2,2.8480640068551106e-10,-0.0099317992673252,0.868047046432721,0.868047046432721,,forebody,1.8609596709002991,0.8680025209752018,0.093195472335517,0.1553257872258617,0.5194735373042714,0.0070440788497679,1.5393636165398714,0.0045759681299999,34198.29595,34201.93886341618,34294.54232,34.20193886341618,3.6462010718,27.698605867,15000,10000,1,1500,0.0002771814438667,7.387086754543305e-06,True,43.48804499,1.044481145,0.588917355760932,0.095090664178133,,IN_PROGRESS
dp025,fill,train,4.813687125797088,0.3249850042164325,41.39622909016907,0.0252209525555372,1.2,draw10,coarse,1,USABLE,,dp025_coarse_a0,0,0.6279245818033815,2.0,41.911170075393656,OK,3072,0.0115668402844813,106.06970974999422,123.62781708300464,True,4.8136871263053695,2,-1.0559086938144445e-10,-0.0049934192287477,0.9301443940141364,0.9301443940141364,,forebody,1.5991119336931814,0.930085781312856,0.0634082737372793,0.1056804562287989,0.6929942132228453,0.0058713163292685,1.525485564336588,0.00384881802,30143.36551,30148.34971155528,30209.04928,30.148349711555277,0.054255767738,15.579421084,10000,10000,0,1500,0.0004675141734094,0.0001605466379026,True,55.14108682,1.057370164,0.3899820050597191,0.0302651430666446,,IN_PROGRESS
dp026,fill,train,11.334642525413372,0.4464926455169916,51.023043394088745,0.0642659969627857,1.2,draw12,coarse,1,USABLE,,dp026_coarse_a0,0,0.820460867881775,2.0,58.82614891334539,OK,3072,0.0119428279443355,145.71365133400832,162.26801583300403,True,11.334642525536443,2,-1.0858203225438956e-11,-0.0038825005837758,1.1992380100914355,1.1992380100914355,,forebody,1.740647243602376,1.1992375428268462,0.0728747758606216,0.1214579597677027,0.6971686611506223,0.0071117130695158,1.5858802363642517,0.0044843947899999,165210.0212,165234.81988367357,165664.4839,165.23481988367357,0.39411301497,31.671134302,15000,10000,1,1500,8.082045139309513e-05,1.1584176083515547e-05,True,64.00317973,1.341991446,0.5357911746203899,0.0771191963553428,,IN_PROGRESS
dp027,fill,train,6.137030953140419,0.553734259493649,68.5897280741483,0.0999624370783567,1.2,draw14,coarse,1,USABLE,,dp027_coarse_a0,0,1.171794561482966,2.0,6.0,OK,3072,0.0122267431089377,152.41152725000575,166.84917887600022,True,6.137030953439124,2,-4.8672621488776706e-11,-0.0079597674582583,1.3468618605579754,1.3468618605579754,,forebody,1.6547003824834867,1.346873060551789,0.1367143551235216,0.2278572585392028,0.6256859697738096,0.012002243253392,1.614090166611437,0.0074359186999999,48564.14324,48566.7845412774,48649.88504,48.5667845412774,0.73573248051,19.635099963,15000,10000,1,1500,0.0003913047669106,0.0001237376775356,True,56.02212211,0.8486169845,0.6644811113923788,0.1199549244940281,,IN_PROGRESS
dp028,fill,train,15.403960369410036,0.5780418107286096,53.473076624795794,0.0761714966595173,1.2,draw16,coarse,1,USABLE,,dp028_coarse_a0,0,0.869461532495916,2.0,63.24340588138521,OK,3072,0.0118893075046206,148.48526016502,163.17796420400555,True,15.403960368900403,2,3.308442408922474e-11,-0.0090394480581901,1.2590195548127372,1.2590195548127372,,forebody,1.8295716469058416,1.2589478023410394,0.0926438492719351,0.1544064154532251,0.6324892462856724,0.0076426178920429,1.4891523441959182,0.00513219344,303247.4102,303209.2248035353,304132.8489,303.20922480353534,0.32592427125,42.342950164,15000,10000,1,1500,0.0003942028061545,7.814595362930136e-05,True,66.8581401,1.449689117,0.6936501728743315,0.0914057959914207,,IN_PROGRESS
dp029,fill,train,3.354095120584024,0.4188769411295652,60.12514939531684,0.0806155335158109,1.2,draw18,coarse,1,USABLE,,dp029_coarse_a0,0,1.0025029879063367,2.0,6.0,OK,3072,0.0132456322640464,150.70232933400257,166.13998491498933,True,3.354095120676197,2,-2.7480684394731725e-11,-0.0009304212082005,1.296623903040267,1.296623903040267,,forebody,1.472816871035418,1.2964682958511276,0.130345265479232,0.2172421091320533,0.6591476985005954,0.0118746140099793,1.5708814554583754,0.0075592043999999,14938.337,14941.332852915732,14971.82694,14.941332852915734,0.11732907857,8.6784238001,15000,10000,1,1500,0.0004352828821341,0.0001192195283581,True,50.98929195,0.8181616499,0.5026523293554783,0.0967386402189731,,IN_PROGRESS
dp030,fill,train,7.956512824923746,0.3682430848479271,32.141528306528926,0.0490375317633152,1.2,draw20,coarse,1,USABLE,,dp030_coarse_a0,0,0.6,2.0,34.37720579536831,OK,3072,0.0107920358236304,119.65325037500588,137.08992283399857,True,7.956512824420305,2,6.327405266404185e-11,-0.010838191116358,0.7128114774145509,0.7128114774145509,,forebody,1.860957681896774,0.7127571626031886,0.0629819442893167,0.1049699071488613,0.651284196585963,0.005203712217697,1.4575433135012414,0.0035701938799999,81074.68629,81083.61685140326,81290.29787,81.08361685140326,2.0740522957,31.3138772,10000,10000,0,1500,0.0006343745644433,0.0001192358159363,True,45.66334502,1.030188682,0.4418917018175125,0.0588450381159782,,IN_PROGRESS
dp031,fill,train,15.854455586377377,0.9309335959143936,67.90066666901112,0.0670744486898183,1.2,draw23,coarse,1,USABLE,,dp031_coarse_a0,0,1.1580133333802225,2.0,6.0,OK,3072,0.0106602336920491,278.4322888340248,292.52277770904766,True,15.854455584739158,2,1.0332845690186332e-10,-0.0078147809994365,1.4260253206755005,1.4260253206755005,,forebody,1.6358391415527205,1.4258943072854364,0.1528229312433269,0.254704885405545,0.5444762627570036,0.0113700323920742,1.479410623753297,0.0076855149,321547.5293,321573.3407560516,321976.443,321.5733407560516,2.055405581,75.192928083,25000,10000,3,1500,0.0003888803969243,9.136788215884632e-05,True,59.7274621,0.9259213216,1.1171203150972724,0.080489338427782,,IN_PROGRESS
dp033,fill,train,10.712954107839389,0.6845732152462005,62.84983794204891,0.0295624338090419,1.2,draw28,coarse,1,USABLE,,dp033_coarse_a0,0,1.056996758840978,2.0,6.0,OK,3072,0.0103001119966149,172.23981925100088,188.55891316899215,True,10.712954109217682,2,-1.286566408964518e-10,-0.0085015483483469,1.4714824498656045,1.4714824498656045,,forebody,1.5077659977554032,1.4716581777988502,0.122275387109903,0.2037923118498384,0.6067771171200862,0.0103160028485347,1.582140401722255,0.0065202827999999,146960.4803,146970.5205938573,147201.7222,146.97052059385732,1.0379562247,56.170058577,15000,10000,1,1500,0.0003124962157338,0.0001895044548384,True,59.14015129,0.9625915386,0.8214878582954406,0.0354749205708503,,IN_PROGRESS
dp034,fill,test,7.301871282991542,0.3110683200880885,57.003430631011724,0.0540210231393575,1.2,draw30,coarse,1,USABLE,,dp034_coarse_a0,0,0.9400686126202346,2.0,6.0,OK,3072,0.01117754985742,152.0211955840059,167.55425496002135,True,7.301871281738598,2,1.71592184905478e-10,-0.0106111537983809,1.3868522352509498,1.3868522352509498,,forebody,1.5531869604055135,1.3868292888981175,0.0570432381477836,0.0950720635796393,0.8003417438403106,0.0071211465841937,1.644271287806917,0.00433088301,68350.31758,68377.89744709291,68571.63285,68.3778974470929,0.20510857992,30.040840742,15000,10000,1,1500,0.000363227518907,7.027187965346237e-05,True,50.96826563,0.8122491671,0.3732819841057062,0.064825227767229,,IN_PROGRESS
dp035,fill,train,7.5724919912054895,0.8256062823347747,58.97996726445854,0.0332832442969083,1.2,draw33,coarse,1,USABLE,,dp035_coarse_a0,0,0.9907275388017296,2.0,6.0,OK,3072,0.0097786873305332,200.98964970798988,216.6111099140253,True,7.572491991347598,2,-1.8766321829843943e-11,0.0093802757279433,1.422247999400903,1.422247999400903,,forebody,1.5240541078788754,1.4221854072449125,0.1419366903635625,0.2365611506059375,0.5265918840807173,0.0106857831725412,1.5105745221271014,0.0070739860999999,74973.41522,74990.82048070857,75100.50611,74.99082048070858,1.2760566704,45.73980111,20000,10000,2,1500,0.0007086687694891,7.961223085394589e-05,True,55.13424463,0.8422638778,0.9907275388017296,0.03993989315629,,IN_PROGRESS
dp036,fill,test,3.7967148546829392,0.2501667464151978,22.534231171011925,0.0902457170188427,1.2,draw34,coarse,1,USABLE,,dp036_coarse_a0,0,0.6,2.0,19.43799638226443,OK,3072,0.016445021550656,112.67056837501876,127.14539304001664,True,3.796714855001049,2,-8.378564508859654e-11,-0.0108908052347048,0.4194620860381824,0.4194620860381824,,forebody,1.9916113333515848,0.4194379260245293,0.0554889094740786,0.092481515790131,0.7417296057786608,0.0058826553688906,1.6052460190713036,0.00366464411,18801.53195,18820.935773661007,18801.53195,18.82093577366101,0.23144907865,5.1093259834,10000,10000,0,1500,0.0004682273858863,6.507284435461307e-06,True,47.55435758,0.9730314941,0.3002000956982374,0.1082948604226112,,IN_PROGRESS
dp037,fill,test,8.93999257878471,0.5110390840098262,69.92932011373341,0.0593298336118459,1.2,draw36,coarse,1,USABLE,,dp037_coarse_a0,0,1.1985864022746682,2.0,6.0,OK,3072,0.0116349085750649,207.979160709001,223.2545792509918,True,8.939992577259908,2,1.7055956647027415e-10,-0.0070847875925891,1.4452254799863329,1.4452254799863329,,forebody,1.5822837375536043,1.4451194955832607,0.1329680430860651,0.2216134051434419,0.6275172813400884,0.0114298743033789,1.5726920721714512,0.0072677127999999,102624.8965,102635.1865173043,102784.3779,102.6351865173043,0.59305118371,33.477228152,20000,10000,2,1500,0.0003315729212049,8.471777472132231e-05,True,62.31036797,1.109175933,0.6132469008117915,0.0711958003342151,,IN_PROGRESS
dp038,fill,train,4.841030953010094,0.6274111270904541,50.01888543367386,0.0248796938359737,1.2,draw38,coarse,1,USABLE,,dp038_coarse_a0,0,0.8003777086734771,2.0,52.89701990296864,OK,3072,0.0112613346779887,256.2071799169935,271.8278381259588,True,4.841030953498203,2,-1.0082756851659268e-10,-0.0031657151662375,1.2631577254728563,1.2631577254728563,,forebody,1.5044011955995342,1.263055873673047,0.1211373462797839,0.2018955771329731,0.5391333822729486,0.0097588364850403,1.6206890485222367,0.0060214119999999,30536.96722,30542.5075238244,30576.33413,30.5425075238244,0.40058230913,16.238364208,25000,10000,3,1500,0.0004530176447922,1.5379067432125133e-05,True,65.08483411,1.176904648,0.7528933525085449,0.0298556326031684,,IN_PROGRESS
dp039,fill,train,16.296680900991824,0.3433739315718412,48.056850330904126,0.0853085564821958,1.2,draw40,coarse,1,USABLE,,dp039_coarse_a0,0,0.7611370066180826,2.0,56.27838500622218,OK,3072,0.0119861147586722,100.3591620420193,116.75847091601464,True,16.296680899687914,2,8.001077578256853e-11,-0.0091721372755697,1.087372104243321,1.087372104243321,,forebody,1.886260927853907,1.0874877860328882,0.0550711932490275,0.0917853220817125,0.7500820883245074,0.0059714801558533,1.588752740415584,0.0037585962899999,339164.8484,339272.06255219853,340252.125,339.2720625521985,1.2013961774,46.091255219,10000,10000,0,1500,0.0006878946843099,0.000140290399905,True,60.20137913,1.284932074,0.4120487178862095,0.102370267778635,,IN_PROGRESS
dp040,fill,train,4.5289192398066955,0.7943319926038385,65.6479474902153,0.0708536286652088,1.2,draw42,coarse,1,USABLE,,dp040_coarse_a0,0,1.112958949804306,2.0,6.0,OK,3072,0.0119004623192345,163.1943469990074,180.02933208300965,True,4.528919239144358,2,1.46246348364798e-10,-0.0046218601110736,1.3696799870253251,1.3696799870253251,,forebody,1.537606514455627,1.3695722218326003,0.169669734414796,0.2827828906913268,0.544847780378483,0.0121059921251421,1.4176110885248614,0.0085397132,26745.97221,26750.573890058546,26786.91445,26.750573890058543,0.41852825067,15.800278313,15000,10000,1,1500,0.0002889085148472,0.0001030516529688,True,57.11058684,0.9321649362,0.953198391124606,0.0850243543982505,,IN_PROGRESS
dp041,fill,train,11.995401434972528,0.5353327764198184,25.25921774096787,0.0398937969654798,1.2,draw44,coarse,1,USABLE,,dp041_coarse_a0,0,0.642399331703782,2.0,28.565450859649673,OK,3072,0.0085394636974198,165.35593570800847,181.80213191600345,True,11.995401435305356,2,-2.7746249742222062e-11,-0.0103914983867098,0.9750916414000648,0.9750916414000648,,forebody,1.895810810237846,0.9751808476628626,0.086719746635963,0.1445329110599384,0.5385041846791228,0.0070119284786232,1.6288898801350424,0.0043047283699999,183789.5152,183797.18624850156,184259.4325,183.79718624850156,10.735211989,91.041210594,15000,10000,1,1500,0.0005293863868752,0.0001039434326741,True,43.54926169,1.076346769,0.642399331703782,0.0478725563585758,,IN_PROGRESS
dp042,fill,train,6.522730235169831,0.4280995056033134,44.411290511488914,0.0443547894060611,1.2,draw46,coarse,1,USABLE,,dp042_coarse_a0,0,0.6882258102297782,2.0,47.604747741932606,OK,3072,0.0107945014438239,166.11671741800092,185.91117849999864,True,6.522730236817354,2,-2.525817333065561e-10,-0.0094316581264417,1.0343805312797163,1.0343805312797163,,forebody,1.7264160675095108,1.034322325880507,0.0755670932556754,0.1259451554261258,0.6442352093356838,0.0068974726038761,1.6427566182100914,0.0041987184999999,54715.34964,54722.0535870283,54871.12936,54.7220535870283,0.19491248154,25.036570198,15000,10000,1,1500,0.0001571846516666,4.906775022795793e-05,True,57.50087094,1.162903601,0.5137194067239761,0.0532257472872734,,IN_PROGRESS
dp044,fill,train,3.1674785062042874,0.5617976656183601,34.31507873348892,0.0562383522093296,1.2,draw50,coarse,1,USABLE,,dp044_coarse_a0,0,0.6741571987420321,2.0,30.50981157335394,OK,3072,0.0109974154900452,180.50515208300203,198.98778533299628,True,3.167478506102813,2,3.2036373553978586e-11,-0.0045162365645915,1.0238885462623255,1.0238885462623255,,forebody,1.4806091404994233,1.023853735135387,0.1397250153334094,0.2328750255556824,0.4753166924714287,0.0097351560304011,1.4606325375853544,0.0066650275,13328.0411,13329.064353738771,13358.20792,13.329064353738774,0.57272161273,12.322171234,15000,10000,1,1500,0.0003643576752377,2.7830089924229426e-05,True,52.61685348,1.056757445,0.6741571987420321,0.0674860226511955,,IN_PROGRESS
dp045,fill,train,11.700058762187398,0.9653190945275129,64.5682239253074,0.083741550296545,1.2,draw51,coarse,1,USABLE,,dp045_coarse_a0,0,1.1583829134330157,2.0,6.0,OK,3072,0.0109115298784354,276.3824037919985,293.38104041700717,True,11.700058763702136,2,-1.2946399507995918e-10,-0.0065151553178629,1.375467556159978,1.375467556159978,,forebody,1.670506121484826,1.3752365947174958,0.1538567183500144,0.2564278639166907,0.5464562016211034,0.0114562965991084,1.4741835021040817,0.0077712825999999,175606.0664,175565.17106371874,175930.5894,175.56517106371874,3.3806669656,51.425351814,25000,10000,3,1500,0.0006777972882156,3.723396573463146e-05,True,54.42253076,0.8940840728,1.1583829134330157,0.100489860355854,,IN_PROGRESS
dp046,fill,train,8.45184801262078,0.749939881451428,56.341853346675634,0.0946554576605558,1.2,draw52,coarse,1,USABLE,,dp046_coarse_a0,0,0.9268370669335126,2.0,6.0,OK,3072,0.0097205421431004,262.7551917509991,288.0649511669908,True,8.45184801199334,2,7.423694992070294e-11,-0.0084465597130434,1.3045435324544865,1.3045435324544865,,forebody,1.740589372489549,1.3045526011737472,0.126560705662921,0.2109345094382017,0.5437201537008334,0.0100275711830811,1.5780932628291156,0.0063542323,91661.23537,91655.8859306215,91818.26673,91.65588593062152,0.70121559055,50.015918703,25000,10000,3,1500,0.0006246386122972,0.0001294989141078,True,46.23350443,0.9511540577,0.8999278577417136,0.113586549192667,,IN_PROGRESS
dp047,fill,test,5.761385305480542,0.3844914589077234,62.96951065771282,0.0689481265842914,1.2,draw54,coarse,1,USABLE,,dp047_coarse_a0,0,1.0593902131542563,2.0,6.0,OK,3072,0.0118554835845197,150.98447304101137,167.47585383299156,True,5.76138530401371,2,2.5459712116315814e-10,-0.0100760329589667,1.3848338101661395,1.3848338101661395,,forebody,1.563557604828916,1.384758328297374,0.0979922288392094,0.1633203813986824,0.7066551496101452,0.0093447690153005,1.5461000584221156,0.0060440907199999,42759.59762,42766.7157772924,42861.92742,42.7667157772924,0.40704517515,20.242158617,15000,10000,1,1500,0.0002392174412445,0.0001405217685927,True,54.6005356,0.8510539995,0.4613897506892681,0.0827377519011497,,IN_PROGRESS
dp048,fill,train,19.525479146107756,0.6501919291913509,59.46841200813651,0.0411767347902059,1.2,draw56,coarse,1,USABLE,,dp048_coarse_a0,0,0.9893682401627304,2.0,6.0,OK,3072,0.0098531823639862,255.55378779199964,272.0884484179842,True,19.525479145432225,2,3.4597436027183897e-11,-0.003582563540814,1.4180196639032712,1.4180196639032712,,forebody,1.5774452546879314,1.418016004001863,0.1065894262526001,0.1776490437543336,0.6264925398560632,0.0093918568307315,1.616516818000543,0.0058099344999999,489451.8269,489574.7619968759,490223.3548,489.5747619968759,1.4241356345,114.11285754,25000,10000,3,1500,0.0002652429469588,0.000119873207239,True,54.72581713,0.8641674011,0.7802303150296211,0.0494120817482471,,IN_PROGRESS
dp049,fill,train,4.251032938803662,0.4829705869778991,53.597589237615466,0.0354741917550563,1.2,draw58,coarse,1,USABLE,,dp049_coarse_a0,0,0.8719517847523094,2.0,57.25191865037679,OK,3072,0.0142327886971373,152.8455139590078,167.7433560419886,True,4.251032939717538,2,-2.1497736923947739e-10,-0.0042161250594073,1.312511767292323,1.312511767292323,,forebody,1.4406164468500262,1.312751362822881,0.101440971053773,0.1690682850896218,0.6599911387927904,0.0093244688371102,1.5810806785903655,0.0058975287999999,23630.89902,23634.068309150847,23687.58817,23.634068309150848,0.02026929984,6.8742600915,15000,10000,1,1500,0.0003715118390778,0.0001401211140543,True,70.55509431,1.368752613,0.5795647043734788,0.0425690301060676,,IN_PROGRESS
dp050,fill,test,10.084227667136116,0.2972342910245061,38.6279091052711,0.073935243114829,1.2,draw60,coarse,1,USABLE,,dp050_coarse_a0,0,0.6,2.0,43.01787794036703,OK,3072,0.0111759096527485,97.80026191700016,113.39819541599718,True,10.084227665850293,2,1.2750844824438443e-10,-0.013901431520489,0.8067546320085176,0.8067546320085176,,forebody,1.9994790752258311,0.8067473944474988,0.0492914563025436,0.082152427170906,0.7217614514467041,0.0050211865978104,1.613404302900997,0.0031121688399999,129520.3648,129568.46736113088,129878.897,129.56846736113087,0.19858093379,35.917498091,10000,10000,0,1500,0.0002374897128846,1.9415633322980037e-05,True,50.51192669,1.134163721,0.3566811492294073,0.0887222917377948,,IN_PROGRESS
dp051,fill,train,3.46435059366458,1.2300754928030075,67.29347266256809,0.0264363431185483,1.2,draw61,coarse,2,USABLE,,dp051_coarse_c0,1,1.476090591363609,2.0,6.0,OK,3072,0.0154284821682364,626.7088824590173,665.5603539170115,True,3.46435059228958,2,3.968997352998826e-10,-0.0027831435667379,1.4445215838405498,1.4445215838405498,,forebody,1.3364115529648994,1.4446991199909118,0.2431246013624079,0.4052076689373464,0.5603498706382304,0.0199251969769855,1.6199259422697383,0.0123000665999999,15877.15903,15878.218529965849,15894.05856,15.87821852996585,0.15751803394,5.9524544338,30000,10000,4,1500,0.0003126021692014,0.0001144308063415,True,,,1.476090591363609,0.031723611742258,True,IN_PROGRESS
dp052,fill,train,3.3819345704035726,0.5197241426445545,36.862104227766395,0.0631706647574901,1.2,draw66,coarse,1,USABLE,,dp052_coarse_a0,0,0.6236689711734653,2.0,33.90581592555777,OK,3072,0.0106845660140954,207.8007977080124,226.1243479180121,True,3.381934570526792,2,-3.6434633088333606e-11,-0.0027404928881035,0.9801885883591436,0.9801885883591436,,forebody,1.5258768364007755,0.9802147573689473,0.1227659801319424,0.2046099668865707,0.4815208530754181,0.0092649323995097,1.563401286664135,0.0059261383999999,15153.31689,15154.880195307698,15192.53823,15.154880195307696,0.50586881752,13.795848658,20000,10000,2,1500,0.0002302557236191,5.193445756457502e-06,True,53.53905495,1.127086252,0.6236689711734653,0.0758047977089881,,IN_PROGRESS
dp054,fill,train,9.584135773534856,0.2588030573911964,52.23843099549413,0.0272544761747121,1.2,draw68,coarse,1,USABLE,,dp054_coarse_a0,0,0.8447686199098825,2.0,59.736105049068186,OK,3072,0.0132910910902579,152.98613608400046,168.82109012397996,True,9.584135772698186,2,8.729750256009082e-11,-0.0077482169477901,1.2970117241012251,1.2970117241012251,,forebody,1.497564195232684,1.2970779531083303,0.0433501207033943,0.0722502011723238,0.8267920777126185,0.005788309375077,1.5713715913316026,0.00368360317,117727.1596,117810.79307919598,118064.1387,117.81079307919596,0.17166645299,20.012109156,15000,10000,1,1500,0.0004130243033266,2.8857017652235232e-05,True,65.68230661,1.167822096,0.3105636688694357,0.0327053714096546,,IN_PROGRESS
dp055,fill,train,5.405110292112265,0.7015954061411321,58.10925236903131,0.0517008398473262,1.2,draw70,coarse,1,USABLE,,dp055_coarse_a0,0,0.9621850473806262,2.0,6.0,OK,3072,0.010422257736872,139.88370220900106,153.57898233398737,True,5.405110292958288,2,-1.565230167699383e-10,-0.0052360796360775,1.3643309741601712,1.3643309741601712,,forebody,1.559245606701173,1.3641201925629562,0.133889479218237,0.223149132030395,0.564530165934263,0.0104694661898649,1.5309126157703796,0.0068387091999999,37878.17029,37880.753540723315,37933.28413,37.88075354072332,0.37265014829,27.001821006,15000,10000,1,1500,0.0008593139292239,0.0001059320415518,True,52.46175368,0.871773739,0.8419144873693586,0.0620410078167915,,IN_PROGRESS
dp056,anchor,train,3.0,1.2,70.0,0.1,1.2,m4_front_hi,coarse,1,USABLE,,dp056_coarse_a0,0,1.44,2.0,6.0,OK,3072,0.0169962412541535,393.30317741498584,421.97336333098065,True,3.000000000124821,2,-4.1606940115457285e-11,0.0055832360683254,1.2763256142927235,1.2763256142927235,,forebody,1.4530723660964755,1.2763891985246325,0.2535981249740149,0.4226635416233582,0.5703928512762895,0.0195012367400532,1.485257615918285,0.0131298681999999,12124.70815,12128.303914405533,12140.05399,12.128303914405532,0.10915064911,3.8474672592,20000,10000,2,1500,0.0001368458536107,6.366923370060765e-06,True,57.1095154,1.100153745,1.44,0.12,,IN_PROGRESS
dp057,anchor,train,20.0,1.2,70.0,0.1,1.2,m4_front_hi,coarse,1,USABLE,,dp057_coarse_a0,0,1.44,2.0,6.0,OK,3072,0.0128121801963837,362.3983753750072,396.7866969600145,True,20.00000000083214,2,-4.1607162160062217e-11,-0.0082463515784902,1.363983558636824,1.363983558636824,,forebody,1.7181615940189765,1.3639756793296394,0.1708157255147271,0.2846928758578786,0.5885836571271006,0.0138010566885946,1.539182487741254,0.0089664849999999,511181.2433,511233.1621349007,511672.175,511.2331621349007,2.9798756825,56.072162598,20000,10000,2,1500,0.0007235809171594,1.8115302846635585e-05,True,57.16862961,0.9259763417,1.44,0.12,,IN_PROGRESS
dp058,anchor,train,3.0,1.15,70.0,0.1,1.2,m4_front_lo_b,coarse,1,USABLE,,dp058_coarse_a0,0,1.38,2.0,6.0,OK,3072,0.016420038377661,463.00030329097353,487.80766299995594,True,3.000000000124821,2,-4.1606940115457285e-11,-0.0022161014055482,1.2714576094943346,1.2714576094943346,,forebody,1.4605558850756946,1.2714737542914605,0.2485330701769103,0.4142217836281838,0.5606677832467302,0.020375809543391,1.6193395408694795,0.0125827900999999,12032.41765,12034.236380439876,12046.31082,12.034236380439877,0.12743545698,4.247296528,25000,10000,3,1500,5.662218087310819e-05,1.1815986426618798e-05,True,57.10179052,1.078502774,1.38,0.12,,IN_PROGRESS
dp059,anchor,train,20.0,1.15,70.0,0.1,1.2,m4_front_lo_b,coarse,2,USABLE,,dp059_coarse_c0,1,1.38,2.0,6.0,OK,3072,0.0123870495591091,381.6113488729752,408.57761903897335,True,20.00000000083214,2,-4.1607162160062217e-11,-0.0050096314956616,1.363479742469643,1.363479742469643,,forebody,1.6854643896441897,1.3636028765416457,0.1660298991906627,0.2767164986511045,0.5827240069374096,0.014012935027947,1.630760902617263,0.0085928814,512920.4478,512901.63962981454,513555.7061,512.9016396298146,1.3956500738,61.626963634,30000,10000,4,1500,0.0004212306714296,4.530765494032214e-05,True,,,1.38,0.12,True,IN_PROGRESS
dp060,anchor,train,3.0,1.15,68.10731219459836,0.1,1.2,m4_front_lo_b_crit,coarse,1,USABLE,,dp060_coarse_a0,0,1.38,2.0,6.0,OK,3072,0.0164344018570671,303.58169725000334,335.92393187501875,True,3.000000000124821,2,-4.1606940115457285e-11,-0.0040483863605773,1.270055278124219,1.270055278124219,,forebody,1.460405890190326,1.269926688919763,0.2479722164535208,0.4132870274225347,0.5616592050699735,0.0202837787949588,1.6120255232548797,0.0125827901,12010.2598,12012.13725627461,12024.56122,12.01213725627461,0.13326800546,4.2353717409,20000,10000,2,1500,0.0005499261928616,0.0001543392957257,True,55.4587455,1.05116412,1.38,0.12,,IN_PROGRESS
