iteration,cd_fore,cd_aft,cd_viscous,cd_total,mean_abs_drho_dtau_kg_m3_s
100005,0.8724225815152925,,0.0,0.8724225815152925,70.330750874
100010,0.8724163410772576,,0.0,0.8724163410772576,68.35625025
100015,0.8724375865341926,,0.0,0.8724375865341926,66.603888769
100020,0.8724684876577822,,0.0,0.8724684876577822,64.876150695
100025,0.8725087610976607,,0.0,0.8725087610976607,63.321061136
100030,0.8725316579826633,,0.0,0.8725316579826633,61.767314936
100035,0.8725346535879076,,0.0,0.8725346535879076,60.291279487
100040,0.8725098833673737,,0.0,0.8725098833673737,59.001776563
100045,0.8724561661185468,,0.0,0.8724561661185468,57.589655587
100050,0.8723765014846595,,0.0,0.8723765014846595,56.345088333
100055,0.8722754057555117,,0.0,0.8722754057555117,55.256915018
100060,0.8721564849273855,,0.0,0.8721564849273855,54.043633889
100065,0.8720238696803903,,0.0,0.8720238696803903,52.984304101
100070,0.8718839844174859,,0.0,0.8718839844174859,52.04258427
100075,0.8717574464883509,,0.0,0.8717574464883509,50.926495566
100080,0.8716542394733899,,0.0,0.8716542394733899,49.996148737
100085,0.8715821428662217,,0.0,0.8715821428662217,49.136290809
100090,0.8715482494841886,,0.0,0.8715482494841886,48.205211085
100095,0.8715550401435983,,0.0,0.8715550401435983,47.374923625
100100,0.871597516797185,,0.0,0.871597516797185,46.557805246
100105,0.8716699166536346,,0.0,0.8716699166536346,45.734375321
100110,0.8717594177178138,,0.0,0.8717594177178138,44.996445833
100115,0.8718514513282043,,0.0,0.8718514513282043,44.263936807
100120,0.871939261239242,,0.0,0.871939261239242,43.521162675
100125,0.8720153027063026,,0.0,0.8720153027063026,42.821189548
100130,0.872079146720416,,0.0,0.872079146720416,42.1718611
100135,0.8721287129536792,,0.0,0.8721287129536792,41.481965554
100140,0.8721731514147565,,0.0,0.8721731514147565,40.802358723
100145,0.8722090555330567,,0.0,0.8722090555330567,40.214358051
100150,0.8722430502649574,,0.0,0.8722430502649574,39.59328327
100155,0.872275478766705,,0.0,0.872275478766705,38.927206583
100160,0.8723058031127809,,0.0,0.8723058031127809,38.393159652
100165,0.8723362673696937,,0.0,0.8723362673696937,37.830605441
100170,0.8723616288099156,,0.0,0.8723616288099156,37.214610775
100175,0.8723818087836211,,0.0,0.8723818087836211,36.725035345
100180,0.8723879965459173,,0.0,0.8723879965459173,36.215298191
100185,0.8723843727970381,,0.0,0.8723843727970381,35.659929364
100190,0.8723673157525313,,0.0,0.8723673157525313,35.193464568
100195,0.8723330582239887,,0.0,0.8723330582239887,34.715494838
100200,0.8722856819263641,,0.0,0.8722856819263641,34.19272033
100205,0.872223411890976,,0.0,0.872223411890976,33.779224475
100210,0.8721500696917502,,0.0,0.8721500696917502,33.355607248
100215,0.8720701681261727,,0.0,0.8720701681261727,32.883463423
100220,0.8719868347071046,,0.0,0.8719868347071046,32.478768365
100225,0.8719034010658953,,0.0,0.8719034010658953,32.050375126
100230,0.8718271741060222,,0.0,0.8718271741060222,31.589560801
100235,0.8717586295461575,,0.0,0.8717586295461575,31.182036452
100240,0.8717012490780255,,0.0,0.8717012490780255,30.774973372
100245,0.8716572034659152,,0.0,0.8716572034659152,30.365419933
100250,0.8716245253728386,,0.0,0.8716245253728386,29.958216002
100255,0.87160602232837,,0.0,0.87160602232837,29.56965087
100260,0.871599527897235,,0.0,0.871599527897235,29.186348321
100265,0.8715999429369484,,0.0,0.8715999429369484,28.810225291
100270,0.8716083832418905,,0.0,0.8716083832418905,28.460821446
100275,0.8716221921431837,,0.0,0.8716221921431837,28.11408065
100280,0.8716418058526962,,0.0,0.8716418058526962,27.763784936
100285,0.8716633500480065,,0.0,0.8716633500480065,27.448581045
100290,0.8716869169116577,,0.0,0.8716869169116577,27.111066452
100295,0.8717137343194881,,0.0,0.8717137343194881,26.79212429
100300,0.8717425333609677,,0.0,0.8717425333609677,26.483910903
100305,0.8717736789101718,,0.0,0.8717736789101718,26.174677678
100310,0.8718086696064227,,0.0,0.8718086696064227,25.867785425
100315,0.8718455538281462,,0.0,0.8718455538281462,25.565757088
100320,0.8718832127615652,,0.0,0.8718832127615652,25.272084826
100325,0.8719205319219172,,0.0,0.8719205319219172,24.980141616
100330,0.8719550931726588,,0.0,0.8719550931726588,24.707513924
100335,0.8719844572778483,,0.0,0.8719844572778483,24.411927844
100340,0.8720063093061023,,0.0,0.8720063093061023,24.117729024
100345,0.8720191658969727,,0.0,0.8720191658969727,23.869960152
100350,0.8720201093674753,,0.0,0.8720201093674753,23.578694798
100355,0.872010704019715,,0.0,0.872010704019715,23.304616825
100360,0.8719899509427012,,0.0,0.8719899509427012,23.068906154
100365,0.8719593280765194,,0.0,0.8719593280765194,22.809971598
100370,0.8719225226865128,,0.0,0.8719225226865128,22.559298639
100375,0.8718832057405587,,0.0,0.8718832057405587,22.33516148
100380,0.8718433553072352,,0.0,0.8718433553072352,22.079030858
100385,0.8718055512972644,,0.0,0.8718055512972644,21.834602081
100390,0.8717727838955284,,0.0,0.8717727838955284,21.641542433
100395,0.8717455148878206,,0.0,0.8717455148878206,21.388412358
100400,0.871725836206713,,0.0,0.871725836206713,21.176977849
100405,0.8717153423118983,,0.0,0.8717153423118983,20.994385667
100410,0.8717133032369565,,0.0,0.8717133032369565,20.774194591
100415,0.8717182097928661,,0.0,0.8717182097928661,20.563812138
100420,0.8717298183907131,,0.0,0.8717298183907131,20.377911302
100425,0.8717477273052318,,0.0,0.8717477273052318,20.176009403
100430,0.8717688183363989,,0.0,0.8717688183363989,20.000514074
100435,0.8717929313834363,,0.0,0.8717929313834363,19.837328483
100440,0.8718197443531175,,0.0,0.8718197443531175,19.645281077
100445,0.8718484926469068,,0.0,0.8718484926469068,19.472773091
100450,0.8718800144565855,,0.0,0.8718800144565855,19.305560941
100455,0.8719136681785578,,0.0,0.8719136681785578,19.118274735
100460,0.8719482540210117,,0.0,0.8719482540210117,18.934661668
100465,0.8719841076826477,,0.0,0.8719841076826477,18.767952109
100470,0.8720197300876041,,0.0,0.8720197300876041,18.605021922
100475,0.8720564920783314,,0.0,0.8720564920783314,18.435390703
100480,0.8720922224540012,,0.0,0.8720922224540012,18.283636833
100485,0.8721268742866417,,0.0,0.8721268742866417,18.112444177
100490,0.8721583351627136,,0.0,0.8721583351627136,17.95870878
100495,0.8721838424434308,,0.0,0.8721838424434308,17.820060056
100500,0.872203700214775,,0.0,0.872203700214775,17.670865031
100505,0.8722173038334754,,0.0,0.8722173038334754,17.513702669
100510,0.8722250973327287,,0.0,0.8722250973327287,17.388571869
100515,0.8722263326661133,,0.0,0.8722263326661133,17.264351652
100520,0.872220710076662,,0.0,0.872220710076662,17.123828449
100525,0.8722101229079562,,0.0,0.8722101229079562,16.989707716
100530,0.8721963430729028,,0.0,0.8721963430729028,16.868069871
100535,0.8721790059156962,,0.0,0.8721790059156962,16.744817146
100540,0.8721589077931043,,0.0,0.8721589077931043,16.604911275
100545,0.8721386622293731,,0.0,0.8721386622293731,16.46578844
100550,0.872117743012788,,0.0,0.872117743012788,16.33479502
100555,0.872097295513265,,0.0,0.872097295513265,16.213897161
100560,0.8720767197803306,,0.0,0.8720767197803306,16.104102995
100565,0.8720565318034051,,0.0,0.8720565318034051,15.998725242
100570,0.8720384642432392,,0.0,0.8720384642432392,15.891573011
100575,0.8720211672112674,,0.0,0.8720211672112674,15.787865159
100580,0.8720043920619959,,0.0,0.8720043920619959,15.678805996
100585,0.8719883242518589,,0.0,0.8719883242518589,15.574227919
100590,0.8719711616376048,,0.0,0.8719711616376048,15.479729679
100595,0.8719526774370814,,0.0,0.8719526774370814,15.400154678
100600,0.8719334569403185,,0.0,0.8719334569403185,15.298042121
100605,0.8719145644664408,,0.0,0.8719145644664408,15.190863623
100610,0.8718956636983166,,0.0,0.8718956636983166,15.092258007
100615,0.8718766724210502,,0.0,0.8718766724210502,14.984262252
100620,0.871858819601828,,0.0,0.871858819601828,14.881801873
100625,0.8718432711279122,,0.0,0.8718432711279122,14.781958263
100630,0.8718301135795916,,0.0,0.8718301135795916,14.6998945
100635,0.8718203853746609,,0.0,0.8718203853746609,14.601692955
100640,0.8718122368962226,,0.0,0.8718122368962226,14.497408161
100645,0.8718059473111412,,0.0,0.8718059473111412,14.415478215
100650,0.871802393990598,,0.0,0.871802393990598,14.337585246
100655,0.8717992023064638,,0.0,0.8717992023064638,14.25424092
100660,0.8717969139312192,,0.0,0.8717969139312192,14.16268295
100665,0.871796150205762,,0.0,0.871796150205762,14.080766947
100670,0.8717956546609311,,0.0,0.8717956546609311,13.995531583
100675,0.8717953825514514,,0.0,0.8717953825514514,13.914998296
100680,0.8717947510246371,,0.0,0.8717947510246371,13.837153655
100685,0.8717962939726958,,0.0,0.8717962939726958,13.766000976
100690,0.8717989200838241,,0.0,0.8717989200838241,13.682846525
100695,0.8718028291474962,,0.0,0.8718028291474962,13.58802692
100700,0.8718079998824222,,0.0,0.8718079998824222,13.515970856
100705,0.8718136919907525,,0.0,0.8718136919907525,13.447848733
100710,0.8718208602566329,,0.0,0.8718208602566329,13.363736559
100715,0.8718294172266954,,0.0,0.8718294172266954,13.311637754
100720,0.8718385912450197,,0.0,0.8718385912450197,13.255307313
100725,0.8718483181403326,,0.0,0.8718483181403326,13.179790836
100730,0.8718571016742777,,0.0,0.8718571016742777,13.11970747
100735,0.8718655393963624,,0.0,0.8718655393963624,13.062796632
100740,0.8718726904553197,,0.0,0.8718726904553197,12.99269703
100745,0.8718778426737048,,0.0,0.8718778426737048,12.928964937
100750,0.8718804672569458,,0.0,0.8718804672569458,12.873223573
100755,0.8718802653939106,,0.0,0.8718802653939106,12.819765628
100760,0.8718769744334701,,0.0,0.8718769744334701,12.772502585
100765,0.8718714146692959,,0.0,0.8718714146692959,12.708932408
100770,0.8718636363034039,,0.0,0.8718636363034039,12.650310757
100775,0.8718537502895263,,0.0,0.8718537502895263,12.610480955
100780,0.871842888537618,,0.0,0.871842888537618,12.553563854
100785,0.8718313311967574,,0.0,0.8718313311967574,12.513110279
100790,0.8718190159509631,,0.0,0.8718190159509631,12.463863948
100795,0.8718072401221967,,0.0,0.8718072401221967,12.403360465
100800,0.871797099860571,,0.0,0.871797099860571,12.364204411
100805,0.8717896551198181,,0.0,0.8717896551198181,12.326670676
100810,0.8717854196339051,,0.0,0.8717854196339051,12.273383064
100815,0.8717843954400153,,0.0,0.8717843954400153,12.221374446
100820,0.871786506798585,,0.0,0.871786506798585,12.188711514
100825,0.8717919619752252,,0.0,0.8717919619752252,12.14326785
100830,0.8718001404657386,,0.0,0.8718001404657386,12.091272973
100835,0.8718102084437364,,0.0,0.8718102084437364,12.056325763
100840,0.8718218792848079,,0.0,0.8718218792848079,12.01671946
100845,0.8718337560996594,,0.0,0.8718337560996594,11.967167827
100850,0.8718453895438666,,0.0,0.8718453895438666,11.919429795
100855,0.8718559828605006,,0.0,0.8718559828605006,11.871436521
100860,0.8718646691917009,,0.0,0.8718646691917009,11.820611588
100865,0.8718715000854801,,0.0,0.8718715000854801,11.775525291
100870,0.8718761582141654,,0.0,0.8718761582141654,11.727095132
100875,0.8718782913633204,,0.0,0.8718782913633204,11.686745874
100880,0.8718772879414243,,0.0,0.8718772879414243,11.654233248
100885,0.8718735003811832,,0.0,0.8718735003811832,11.605457034
100890,0.8718666596288921,,0.0,0.8718666596288921,11.550093576
100895,0.8718570069452556,,0.0,0.8718570069452556,11.503027612
100900,0.8718445875848448,,0.0,0.8718445875848448,11.474998793
100905,0.8718297355365816,,0.0,0.8718297355365816,11.437065229
100910,0.871812379571808,,0.0,0.871812379571808,11.409034456
100915,0.8717925192176066,,0.0,0.8717925192176066,11.381738993
100920,0.8717706958554315,,0.0,0.8717706958554315,11.348914698
100925,0.8717471741372169,,0.0,0.8717471741372169,11.322903877
100930,0.8717228993160007,,0.0,0.8717228993160007,11.286956681
100935,0.8716984794546112,,0.0,0.8716984794546112,11.256356333
100940,0.8716739230655643,,0.0,0.8716739230655643,11.244209919
100945,0.8716497227834289,,0.0,0.8716497227834289,11.227966409
100950,0.8716270944792137,,0.0,0.8716270944792137,11.209021615
100955,0.8716073980818873,,0.0,0.8716073980818873,11.186632306
100960,0.8715914100493023,,0.0,0.8715914100493023,11.146237389
100965,0.8715792406440034,,0.0,0.8715792406440034,11.108462679
100970,0.8715707063012265,,0.0,0.8715707063012265,11.07240893
100975,0.8715667907986001,,0.0,0.8715667907986001,11.058852107
100980,0.871567238069463,,0.0,0.871567238069463,11.046332789
100985,0.8715727462492466,,0.0,0.8715727462492466,11.030486008
100990,0.8715833290525599,,0.0,0.8715833290525599,11.017718981
100995,0.8715985423370709,,0.0,0.8715985423370709,11.002470524
101000,0.8716185539885086,,0.0,0.8716185539885086,10.994019519
101005,0.8716434985337252,,0.0,0.8716434985337252,10.967424692
101010,0.8716721468963994,,0.0,0.8716721468963994,10.945524266
101015,0.8717050443140821,,0.0,0.8717050443140821,10.926999052
101020,0.8717416551894646,,0.0,0.8717416551894646,10.903159264
101025,0.8717804503618535,,0.0,0.8717804503618535,10.884090907
101030,0.8718222044701877,,0.0,0.8718222044701877,10.859515625
101035,0.8718656659927513,,0.0,0.8718656659927513,10.826209782
101040,0.871909519018286,,0.0,0.871909519018286,10.783036028
101045,0.8719538893428584,,0.0,0.8719538893428584,10.742844191
101050,0.8719985004915962,,0.0,0.8719985004915962,10.711013881
101055,0.8720413961865062,,0.0,0.8720413961865062,10.677936913
101060,0.8720814590689424,,0.0,0.8720814590689424,10.637386075
101065,0.8721183574781922,,0.0,0.8721183574781922,10.604137754
101070,0.872151658149028,,0.0,0.872151658149028,10.579073737
101075,0.8721796180165128,,0.0,0.8721796180165128,10.547629629
101080,0.8722032803731298,,0.0,0.8722032803731298,10.51021063
101085,0.8722220574187483,,0.0,0.8722220574187483,10.484457523
101090,0.8722349586457593,,0.0,0.8722349586457593,10.463176925
101095,0.872241785210524,,0.0,0.872241785210524,10.451138588
101100,0.8722427568378097,,0.0,0.8722427568378097,10.432621602
101105,0.8722380854310549,,0.0,0.8722380854310549,10.41305125
101110,0.8722279603027907,,0.0,0.8722279603027907,10.400039615
101115,0.8722129044270656,,0.0,0.8722129044270656,10.379058364
101120,0.8721940906030133,,0.0,0.8721940906030133,10.352758207
101125,0.8721712610541935,,0.0,0.8721712610541935,10.336673635
101130,0.8721447113540719,,0.0,0.8721447113540719,10.32609577
101135,0.8721163050888027,,0.0,0.8721163050888027,10.320973963
101140,0.8720864664290456,,0.0,0.8720864664290456,10.332048633
101145,0.8720549415999703,,0.0,0.8720549415999703,10.337373308
101150,0.8720226153939257,,0.0,0.8720226153939257,10.345067721
101155,0.8719901807442499,,0.0,0.8719901807442499,10.34560542
101160,0.871958016457897,,0.0,0.871958016457897,10.353916979
101165,0.8719266100037211,,0.0,0.8719266100037211,10.363738567
101170,0.8718970116588335,,0.0,0.8718970116588335,10.363617849
101175,0.8718693548587387,,0.0,0.8718693548587387,10.36694989
101180,0.8718430829067292,,0.0,0.8718430829067292,10.3644783
101185,0.8718182481875177,,0.0,0.8718182481875177,10.357499642
101190,0.8717952754538165,,0.0,0.8717952754538165,10.348834489
101195,0.871774847489426,,0.0,0.871774847489426,10.333639458
101200,0.8717567591572662,,0.0,0.8717567591572662,10.313121446
101205,0.8717404611454195,,0.0,0.8717404611454195,10.280709123
101210,0.871725996161978,,0.0,0.871725996161978,10.249373494
101215,0.8717137206048793,,0.0,0.8717137206048793,10.219697754
101220,0.8717031614838217,,0.0,0.8717031614838217,10.180650802
101225,0.8716943938835602,,0.0,0.8716943938835602,10.153939952
101230,0.8716878647839312,,0.0,0.8716878647839312,10.132948861
101235,0.8716832595856328,,0.0,0.8716832595856328,10.119731738
101240,0.8716794867949703,,0.0,0.8716794867949703,10.121780084
101245,0.8716762317762634,,0.0,0.8716762317762634,10.125083304
101250,0.8716741787320649,,0.0,0.8716741787320649,10.10633251
101255,0.8716734141335291,,0.0,0.8716734141335291,10.077222443
101260,0.8716736642705323,,0.0,0.8716736642705323,10.05658186
101265,0.8716747947981132,,0.0,0.8716747947981132,10.045473295
101270,0.87167732785362,,0.0,0.87167732785362,10.024375183
101275,0.871680628890842,,0.0,0.871680628890842,10.008488422
101280,0.871684417105892,,0.0,0.871684417105892,10.009537494
101285,0.8716888586747198,,0.0,0.8716888586747198,10.00599507
101290,0.8716943727477837,,0.0,0.8716943727477837,9.9931784302
101295,0.871701272614768,,0.0,0.871701272614768,9.9800462193
101300,0.8717095588213468,,0.0,0.8717095588213468,9.9718374946
101305,0.8717186362189788,,0.0,0.8717186362189788,9.9673198021
101310,0.8717288146414125,,0.0,0.8717288146414125,9.9769052161
101315,0.8717404624914157,,0.0,0.8717404624914157,9.9957333539
101320,0.8717535084311954,,0.0,0.8717535084311954,9.9923235542
101325,0.8717681286407266,,0.0,0.8717681286407266,9.9844321212
101330,0.87178431067864,,0.0,0.87178431067864,9.974078551
101335,0.8718017121162543,,0.0,0.8718017121162543,9.9672059021
101340,0.8718201402214811,,0.0,0.8718201402214811,9.9576793263
101345,0.8718392313571063,,0.0,0.8718392313571063,9.9447753129
101350,0.8718592412260086,,0.0,0.8718592412260086,9.9308840007
101355,0.8718801661903609,,0.0,0.8718801661903609,9.9094165959
101360,0.8719013056773872,,0.0,0.8719013056773872,9.8897334271
101365,0.8719224178807091,,0.0,0.8719224178807091,9.8653387261
101370,0.8719432316730601,,0.0,0.8719432316730601,9.8518944549
101375,0.8719635037929303,,0.0,0.8719635037929303,9.8422201997
101380,0.8719831052065867,,0.0,0.8719831052065867,9.8476106246
101385,0.8720017328466393,,0.0,0.8720017328466393,9.8462526135
101390,0.8720192061313423,,0.0,0.8720192061313423,9.8283423419
101395,0.8720348536269165,,0.0,0.8720348536269165,9.8185405495
101400,0.8720478080389622,,0.0,0.8720478080389622,9.7995546737
101405,0.8720580488137553,,0.0,0.8720580488137553,9.780951484
101410,0.8720657260116708,,0.0,0.8720657260116708,9.7715778577
101415,0.8720701932999374,,0.0,0.8720701932999374,9.7652204524
101420,0.8720714253956557,,0.0,0.8720714253956557,9.7545076133
101425,0.8720698927790266,,0.0,0.8720698927790266,9.7337330713
101430,0.8720650317687144,,0.0,0.8720650317687144,9.7165708268
101435,0.8720564847662986,,0.0,0.8720564847662986,9.7157644738
101440,0.8720447250167286,,0.0,0.8720447250167286,9.7036664512
101445,0.8720298692942599,,0.0,0.8720298692942599,9.685474128
101450,0.8720117621909115,,0.0,0.8720117621909115,9.6730529459
101455,0.8719906404564821,,0.0,0.8719906404564821,9.6657132063
101460,0.8719675874359331,,0.0,0.8719675874359331,9.670433241
101465,0.8719426132060458,,0.0,0.8719426132060458,9.6829116435
101470,0.8719157399939449,,0.0,0.8719157399939449,9.686196974
101475,0.8718879929029771,,0.0,0.8718879929029771,9.6656310944
101480,0.8718604738674011,,0.0,0.8718604738674011,9.6403362836
101485,0.8718331296658035,,0.0,0.8718331296658035,9.6172637603
101490,0.8718069230127935,,0.0,0.8718069230127935,9.598201912
101495,0.8717824716841981,,0.0,0.8717824716841981,9.5788471476
101500,0.8717598456354357,,0.0,0.8717598456354357,9.5515845815
101505,0.8717394122143043,,0.0,0.8717394122143043,9.5310769887
101510,0.8717224197776099,,0.0,0.8717224197776099,9.5214181122
101515,0.8717094369177549,,0.0,0.8717094369177549,9.5087781972
101520,0.8716999228717157,,0.0,0.8716999228717157,9.4817280903
101525,0.8716939380638031,,0.0,0.8716939380638031,9.4551290529
101530,0.8716919336573553,,0.0,0.8716919336573553,9.4470106454
101535,0.8716939367905636,,0.0,0.8716939367905636,9.4604882831
101540,0.8716993050231321,,0.0,0.8716993050231321,9.4736356549
101545,0.8717081451980477,,0.0,0.8717081451980477,9.4859762487
101550,0.871720477396117,,0.0,0.871720477396117,9.4818765363
101555,0.8717361289660577,,0.0,0.8717361289660577,9.472327446
101560,0.8717545644560738,,0.0,0.8717545644560738,9.4696133971
101565,0.8717754483857345,,0.0,0.8717754483857345,9.4747838108
101570,0.871798190917726,,0.0,0.871798190917726,9.4855459835
101575,0.8718225751284082,,0.0,0.8718225751284082,9.482271227
101580,0.8718479157966365,,0.0,0.8718479157966365,9.4777414915
101585,0.8718737736183896,,0.0,0.8718737736183896,9.4716140289
101590,0.8718997369371334,,0.0,0.8718997369371334,9.4679417571
101595,0.8719252715015551,,0.0,0.8719252715015551,9.4641970128
101600,0.8719500207682039,,0.0,0.8719500207682039,9.4663949489
101605,0.871973749042251,,0.0,0.871973749042251,9.4842535233
101610,0.8719963603941912,,0.0,0.8719963603941912,9.4934536135
101615,0.8720174865303915,,0.0,0.8720174865303915,9.4899400128
101620,0.8720369302078574,,0.0,0.8720369302078574,9.496193226
101625,0.8720546661436894,,0.0,0.8720546661436894,9.5047707263
101630,0.8720705896412185,,0.0,0.8720705896412185,9.5023777545
101635,0.8720850904208804,,0.0,0.8720850904208804,9.4909712987
101640,0.8720982029328994,,0.0,0.8720982029328994,9.4859460557
101645,0.8721098489639889,,0.0,0.8721098489639889,9.4749156417
101650,0.8721199102847627,,0.0,0.8721199102847627,9.4665808382
101655,0.8721284035928482,,0.0,0.8721284035928482,9.4624805496
101660,0.8721350739493098,,0.0,0.8721350739493098,9.4262857798
101665,0.8721402432654832,,0.0,0.8721402432654832,9.3946576209
101670,0.8721443856957746,,0.0,0.8721443856957746,9.3622075466
101675,0.8721477465388768,,0.0,0.8721477465388768,9.354804407
101680,0.8721501436851569,,0.0,0.8721501436851569,9.3568742105
101685,0.8721515730966264,,0.0,0.8721515730966264,9.3499487648
101690,0.8721522813088394,,0.0,0.8721522813088394,9.341933833
101695,0.8721524186731971,,0.0,0.8721524186731971,9.324263068
101700,0.8721520958887834,,0.0,0.8721520958887834,9.3079828422
101705,0.8721510556156971,,0.0,0.8721510556156971,9.3133274058
101710,0.8721493568958748,,0.0,0.8721493568958748,9.3253566739
101715,0.8721472361153325,,0.0,0.8721472361153325,9.3232602559
101720,0.872144887170264,,0.0,0.872144887170264,9.3107781525
101725,0.8721418423088383,,0.0,0.8721418423088383,9.2904380091
101730,0.8721376086782173,,0.0,0.8721376086782173,9.2662996829
101735,0.8721316996826249,,0.0,0.8721316996826249,9.2454060703
101740,0.8721240006577459,,0.0,0.8721240006577459,9.2318049201
101745,0.8721146296510749,,0.0,0.8721146296510749,9.2327939773
101750,0.8721033098239567,,0.0,0.8721033098239567,9.241876906
101755,0.8720898456431756,,0.0,0.8720898456431756,9.2477256221
101760,0.8720746918735186,,0.0,0.8720746918735186,9.2373224966
101765,0.8720582942943396,,0.0,0.8720582942943396,9.2160492952
101770,0.87204074090468,,0.0,0.87204074090468,9.20167369
101775,0.8720218307873399,,0.0,0.8720218307873399,9.1974082321
101780,0.8720017789015325,,0.0,0.8720017789015325,9.2059791695
101785,0.87198049506552,,0.0,0.87198049506552,9.2041614223
101790,0.8719582245779951,,0.0,0.8719582245779951,9.1874026874
101795,0.8719352957528691,,0.0,0.8719352957528691,9.1644795873
101800,0.8719120652791058,,0.0,0.8719120652791058,9.1477831111
101805,0.8718888563049016,,0.0,0.8718888563049016,9.1448345284
101810,0.8718659501434395,,0.0,0.8718659501434395,9.1622049696
101815,0.8718436049349424,,0.0,0.8718436049349424,9.1696276594
101820,0.8718218751376848,,0.0,0.8718218751376848,9.1569393109
101825,0.871800675844778,,0.0,0.871800675844778,9.1385715451
101830,0.8717804986721995,,0.0,0.8717804986721995,9.1271206693
101835,0.8717617871438501,,0.0,0.8717617871438501,9.1223236694
101840,0.8717451399369637,,0.0,0.8717451399369637,9.1206151374
101845,0.8717308903492749,,0.0,0.8717308903492749,9.1206388858
101850,0.8717190000380841,,0.0,0.8717190000380841,9.1356980561
101855,0.8717092350547198,,0.0,0.8717092350547198,9.1500511513
101860,0.8717013959371125,,0.0,0.8717013959371125,9.1466945743
101865,0.8716957397341372,,0.0,0.8716957397341372,9.1264431979
101870,0.8716925784622389,,0.0,0.8716925784622389,9.1055495444
101875,0.8716922353787491,,0.0,0.8716922353787491,9.0845217296
101880,0.8716948442829545,,0.0,0.8716948442829545,9.0816498637
101885,0.8717000114528097,,0.0,0.8717000114528097,9.0907224288
101890,0.8717076146209403,,0.0,0.8717076146209403,9.099248495
101895,0.8717174407925594,,0.0,0.8717174407925594,9.0942946294
101900,0.8717289387277007,,0.0,0.8717289387277007,9.0720427298
101905,0.8717416808725251,,0.0,0.8717416808725251,9.0651085155
101910,0.8717556797775368,,0.0,0.8717556797775368,9.0570163433
101915,0.8717709295858337,,0.0,0.8717709295858337,9.0515821163
101920,0.8717871533860041,,0.0,0.8717871533860041,9.0459414223
101925,0.8718039688424017,,0.0,0.8718039688424017,9.0460231491
101930,0.8718209400341849,,0.0,0.8718209400341849,9.0391555517
101935,0.8718375860769666,,0.0,0.8718375860769666,9.0182513738
101940,0.8718535058275336,,0.0,0.8718535058275336,9.007176803
101945,0.871868759819332,,0.0,0.871868759819332,9.0003131698
101950,0.8718831838772167,,0.0,0.8718831838772167,8.9946276495
101955,0.8718966450749795,,0.0,0.8718966450749795,8.9849295917
101960,0.8719092777575814,,0.0,0.8719092777575814,8.9704829921
101965,0.871921115356655,,0.0,0.871921115356655,8.9507538121
101970,0.8719319979896917,,0.0,0.8719319979896917,8.9241386489
101975,0.871941717209189,,0.0,0.871941717209189,8.9014610055
101980,0.8719502965518894,,0.0,0.8719502965518894,8.8977062488
101985,0.8719574692559189,,0.0,0.8719574692559189,8.9010025713
101990,0.8719630992301596,,0.0,0.8719630992301596,8.9269886593
101995,0.871967268471238,,0.0,0.871967268471238,8.932026925
102000,0.8719700182321154,,0.0,0.8719700182321154,8.9252889009
102005,0.871971172623843,,0.0,0.871971172623843,8.9196027586
102010,0.8719703595694481,,0.0,0.8719703595694481,8.8909137088
102015,0.8719676868577524,,0.0,0.8719676868577524,8.8717304357
102020,0.8719637827415254,,0.0,0.8719637827415254,8.87543859
102025,0.8719590831052311,,0.0,0.8719590831052311,8.8758553425
102030,0.8719541227094779,,0.0,0.8719541227094779,8.8772071447
102035,0.8719492468568304,,0.0,0.8719492468568304,8.8775392268
102040,0.8719447230367279,,0.0,0.8719447230367279,8.8540549988
102045,0.8719405955215284,,0.0,0.8719405955215284,8.8373841118
102050,0.8719365788509258,,0.0,0.8719365788509258,8.8256323303
102055,0.8719326543628662,,0.0,0.8719326543628662,8.8181203376
102060,0.8719291307633718,,0.0,0.8719291307633718,8.8092475617
102065,0.8719261294103604,,0.0,0.8719261294103604,8.802055627
102070,0.8719233757570078,,0.0,0.8719233757570078,8.8009847277
102075,0.8719208107249993,,0.0,0.8719208107249993,8.8021200595
102080,0.8719184520669317,,0.0,0.8719184520669317,8.7886582831
102085,0.8719163125152009,,0.0,0.8719163125152009,8.7763249816
102090,0.8719144763582642,,0.0,0.8719144763582642,8.7653940799
102095,0.8719128509042832,,0.0,0.8719128509042832,8.7601689395
102100,0.8719115255710519,,0.0,0.8719115255710519,8.74738682
102105,0.8719104160337343,,0.0,0.8719104160337343,8.7374200818
102110,0.8719094062092623,,0.0,0.8719094062092623,8.7292609295
102115,0.8719088682473655,,0.0,0.8719088682473655,8.7119274631
102120,0.8719091198394995,,0.0,0.8719091198394995,8.6919427166
102125,0.8719104816965166,,0.0,0.8719104816965166,8.6689649146
102130,0.8719130453097724,,0.0,0.8719130453097724,8.6600590596
102135,0.8719164567914304,,0.0,0.8719164567914304,8.6636195746
102140,0.871920257084067,,0.0,0.871920257084067,8.6768230262
102145,0.871923921103694,,0.0,0.871923921103694,8.6939172514
102150,0.8719275005438369,,0.0,0.8719275005438369,8.7010048877
102155,0.8719312667500321,,0.0,0.8719312667500321,8.6896836058
102160,0.871935578011887,,0.0,0.871935578011887,8.6775838902
102165,0.8719402691356657,,0.0,0.8719402691356657,8.6758582992
102170,0.8719449075473271,,0.0,0.8719449075473271,8.6804538242
102175,0.8719494745484393,,0.0,0.8719494745484393,8.6886859205
102180,0.8719538326291313,,0.0,0.8719538326291313,8.695809182
102185,0.8719582858390064,,0.0,0.8719582858390064,8.6852576866
102190,0.8719630099578783,,0.0,0.8719630099578783,8.6745427654
102195,0.8719678805356762,,0.0,0.8719678805356762,8.66778617
102200,0.8719728152483689,,0.0,0.8719728152483689,8.6723743674
102205,0.8719778374508075,,0.0,0.8719778374508075,8.6724123791
102210,0.8719828161448319,,0.0,0.8719828161448319,8.6740455749
102215,0.871987757733018,,0.0,0.871987757733018,8.6679563768
102220,0.8719928348666482,,0.0,0.8719928348666482,8.6545410976
102225,0.8719979396477658,,0.0,0.8719979396477658,8.6458019445
102230,0.8720028564987266,,0.0,0.8720028564987266,8.6361271408
102235,0.8720075434753822,,0.0,0.8720075434753822,8.6292292607
102240,0.8720117645918775,,0.0,0.8720117645918775,8.6294867301
102245,0.8720154952565001,,0.0,0.8720154952565001,8.6374956044
102250,0.8720188781084574,,0.0,0.8720188781084574,8.6364729227
102255,0.8720221457868033,,0.0,0.8720221457868033,8.6240683276
102260,0.872025124367016,,0.0,0.872025124367016,8.5933245794
102265,0.8720276231178116,,0.0,0.8720276231178116,8.5685413784
102270,0.8720292432605647,,0.0,0.8720292432605647,8.5338936935
102275,0.8720298669660503,,0.0,0.8720298669660503,8.5176984208
102280,0.8720296568451472,,0.0,0.8720296568451472,8.5298341039
102285,0.8720288944293079,,0.0,0.8720288944293079,8.5456630179
102290,0.8720277128630103,,0.0,0.8720277128630103,8.5507077302
102295,0.8720261810830815,,0.0,0.8720261810830815,8.5589981771
102300,0.8720239892193944,,0.0,0.8720239892193944,8.5473774389
102305,0.8720208590509193,,0.0,0.8720208590509193,8.5219719863
102310,0.8720167551088405,,0.0,0.8720167551088405,8.497943571
102315,0.8720116441070382,,0.0,0.8720116441070382,8.4894959083
102320,0.8720054267692064,,0.0,0.8720054267692064,8.4943883791
102325,0.8719984634585146,,0.0,0.8719984634585146,8.5087510899
102330,0.8719910837621133,,0.0,0.8719910837621133,8.5289647276
102335,0.871983286515898,,0.0,0.871983286515898,8.5414141744
102340,0.871974921332089,,0.0,0.871974921332089,8.5474059942
102345,0.8719659162180848,,0.0,0.8719659162180848,8.5512321709
102350,0.8719563066063233,,0.0,0.8719563066063233,8.5484582751
102355,0.8719464233935726,,0.0,0.8719464233935726,8.5396590706
102360,0.8719366084628397,,0.0,0.8719366084628397,8.5280320722
102365,0.8719270224969554,,0.0,0.8719270224969554,8.5277582123
102370,0.8719175994329761,,0.0,0.8719175994329761,8.5226502109
102375,0.8719082827754445,,0.0,0.8719082827754445,8.5323533215
102380,0.8718992432475944,,0.0,0.8718992432475944,8.5406980766
102385,0.8718907531771753,,0.0,0.8718907531771753,8.5408144318
102390,0.8718831301101296,,0.0,0.8718831301101296,8.5476309347
102395,0.8718765890056709,,0.0,0.8718765890056709,8.541349635
102400,0.8718711029802553,,0.0,0.8718711029802553,8.5279776338
102405,0.8718664025072606,,0.0,0.8718664025072606,8.5074891669
102410,0.8718624577201248,,0.0,0.8718624577201248,8.496829308
102415,0.871859437777816,,0.0,0.871859437777816,8.5078098841
102420,0.8718572948429058,,0.0,0.8718572948429058,8.5232600246
102425,0.871856153802004,,0.0,0.871856153802004,8.5328872018
102430,0.8718561921083252,,0.0,0.8718561921083252,8.5171266412
102435,0.8718574703316933,,0.0,0.8718574703316933,8.4994464764
102440,0.8718597723124119,,0.0,0.8718597723124119,8.4837624498
102445,0.8718626286616282,,0.0,0.8718626286616282,8.4746987627
102450,0.8718658646544986,,0.0,0.8718658646544986,8.4700175796
102455,0.8718696422834713,,0.0,0.8718696422834713,8.4655178137
102460,0.8718741338724242,,0.0,0.8718741338724242,8.4708391258
102465,0.8718794473556922,,0.0,0.8718794473556922,8.4747709293
102470,0.8718853948758754,,0.0,0.8718853948758754,8.4821111018
102475,0.871891716655728,,0.0,0.871891716655728,8.4899325748
102480,0.8718979413419709,,0.0,0.8718979413419709,8.4900041672
102485,0.8719040254261896,,0.0,0.8719040254261896,8.4839785382
102490,0.8719101036535066,,0.0,0.8719101036535066,8.4686149309
102495,0.871916197414346,,0.0,0.871916197414346,8.4620955864
102500,0.871922228568178,,0.0,0.871922228568178,8.4585573152
102505,0.8719281584448989,,0.0,0.8719281584448989,8.455741815
102510,0.8719337249754319,,0.0,0.8719337249754319,8.4458312105
102515,0.8719384862728986,,0.0,0.8719384862728986,8.4279137997
102520,0.8719424118886847,,0.0,0.8719424118886847,8.4078692539
102525,0.8719456472995026,,0.0,0.8719456472995026,8.386183629
102530,0.8719484363489145,,0.0,0.8719484363489145,8.375015211
102535,0.871951083668576,,0.0,0.871951083668576,8.3688438622
102540,0.8719536099213457,,0.0,0.8719536099213457,8.3624736836
102545,0.8719556147643329,,0.0,0.8719556147643329,8.3716739919
102550,0.8719567467106665,,0.0,0.8719567467106665,8.3633908805
102555,0.8719567926200467,,0.0,0.8719567926200467,8.3550683541
102560,0.8719561457416013,,0.0,0.8719561457416013,8.3432303888
102565,0.8719552454884867,,0.0,0.8719552454884867,8.3250733269
102570,0.8719544423289818,,0.0,0.8719544423289818,8.3026581293
102575,0.8719538683889734,,0.0,0.8719538683889734,8.286197306
102580,0.8719532429009524,,0.0,0.8719532429009524,8.2811454623
102585,0.8719524310470405,,0.0,0.8719524310470405,8.2857562903
102590,0.8719516629198122,,0.0,0.8719516629198122,8.2932719087
102595,0.8719512400587703,,0.0,0.8719512400587703,8.2938353142
102600,0.8719513151799034,,0.0,0.8719513151799034,8.3003232094
102605,0.8719518786065911,,0.0,0.8719518786065911,8.2923144552
102610,0.8719529859612123,,0.0,0.8719529859612123,8.2875065087
102615,0.8719543472361769,,0.0,0.8719543472361769,8.2741746535
102620,0.8719557068741194,,0.0,0.8719557068741194,8.2684508832
102625,0.8719570924497702,,0.0,0.8719570924497702,8.270890017
102630,0.8719586708666447,,0.0,0.8719586708666447,8.2779980237
102635,0.8719606725083439,,0.0,0.8719606725083439,8.2835887394
102640,0.8719632023261844,,0.0,0.8719632023261844,8.2893170993
102645,0.8719661913105832,,0.0,0.8719661913105832,8.2897407052
102650,0.8719691725464097,,0.0,0.8719691725464097,8.2806508725
102655,0.8719717544943151,,0.0,0.8719717544943151,8.2776202235
102660,0.8719738732012957,,0.0,0.8719738732012957,8.2718578291
102665,0.8719757622886191,,0.0,0.8719757622886191,8.2604057445
102670,0.8719776251835861,,0.0,0.8719776251835861,8.2493623785
102675,0.8719796348648836,,0.0,0.8719796348648836,8.2327210073
102680,0.8719818417891756,,0.0,0.8719818417891756,8.2173808273
102685,0.8719839604961563,,0.0,0.8719839604961563,8.2116391152
102690,0.8719857484518816,,0.0,0.8719857484518816,8.207023563
102695,0.8719870734940867,,0.0,0.8719870734940867,8.1891419294
102700,0.8719880255862399,,0.0,0.8719880255862399,8.179845812
102705,0.8719887693764038,,0.0,0.8719887693764038,8.1731008624
102710,0.8719896081866158,,0.0,0.8719896081866158,8.182687272
102715,0.8719906107354333,,0.0,0.8719906107354333,8.2017134146
102720,0.8719917383891307,,0.0,0.8719917383891307,8.1985215495
102725,0.8719927809540482,,0.0,0.8719927809540482,8.1932253543
102730,0.8719936916841053,,0.0,0.8719936916841053,8.1880176516
102735,0.8719944877134688,,0.0,0.8719944877134688,8.1892662496
102740,0.8719952178981586,,0.0,0.8719952178981586,8.1907203159
102745,0.871996198147095,,0.0,0.871996198147095,8.193801925
102750,0.87199764618424,,0.0,0.87199764618424,8.1873064041
102755,0.8719995470581237,,0.0,0.8719995470581237,8.1710119181
102760,0.8720015895162447,,0.0,0.8720015895162447,8.1609870447
102765,0.872003404137244,,0.0,0.872003404137244,8.1517426229
102770,0.8720049129988611,,0.0,0.8720049129988611,8.1403805786
102775,0.8720060662264841,,0.0,0.8720060662264841,8.1370827759
102780,0.8720069476356535,,0.0,0.8720069476356535,8.1374543045
102785,0.872007929230586,,0.0,0.872007929230586,8.1385259729
102790,0.8720093508571051,,0.0,0.8720093508571051,8.1378202045
102795,0.8720111891239816,,0.0,0.8720111891239816,8.1357827793
102800,0.8720132625400127,,0.0,0.8720132625400127,8.1359840072
102805,0.872015208450198,,0.0,0.872015208450198,8.1290924824
102810,0.8720167571460237,,0.0,0.8720167571460237,8.114249687
102815,0.8720177839227709,,0.0,0.8720177839227709,8.0931371342
102820,0.8720181751710938,,0.0,0.8720181751710938,8.0811071115
102825,0.8720180540314457,,0.0,0.8720180540314457,8.082987472
102830,0.8720174403663634,,0.0,0.8720174403663634,8.0854834675
102835,0.8720162266416728,,0.0,0.8720162266416728,8.0876886584
102840,0.8720143578898039,,0.0,0.8720143578898039,8.0873819864
102845,0.8720117271222566,,0.0,0.8720117271222566,8.079904253
102850,0.8720082210207113,,0.0,0.8720082210207113,8.0655740588
102855,0.8720037744316819,,0.0,0.8720037744316819,8.0570416292
102860,0.8719984025249079,,0.0,0.8719984025249079,8.0616771214
102865,0.8719922936670853,,0.0,0.8719922936670853,8.0685450408
102870,0.8719855906429346,,0.0,0.8719855906429346,8.0832981314
102875,0.8719785879345734,,0.0,0.8719785879345734,8.0968197449
102880,0.8719713080237742,,0.0,0.8719713080237742,8.1186429257
102885,0.8719636077620337,,0.0,0.8719636077620337,8.1400190591
102890,0.871955329049379,,0.0,0.871955329049379,8.1515205341
102895,0.8719464247395686,,0.0,0.8719464247395686,8.1482504233
102900,0.8719371610851804,,0.0,0.8719371610851804,8.131277953
102905,0.871928030939053,,0.0,0.871928030939053,8.1182258355
102910,0.8719193833143348,,0.0,0.8719193833143348,8.1021888233
102915,0.8719112139547679,,0.0,0.8719112139547679,8.0825908697
102920,0.871903396227585,,0.0,0.871903396227585,8.0728436264
102925,0.8718959276590634,,0.0,0.8718959276590634,8.0739306511
102930,0.8718887596114527,,0.0,0.8718887596114527,8.0744127346
102935,0.8718819362843543,,0.0,0.8718819362843543,8.0759967569
102940,0.871875649391265,,0.0,0.871875649391265,8.0765596893
102945,0.8718701290975166,,0.0,0.8718701290975166,8.0825497206
102950,0.8718655015265804,,0.0,0.8718655015265804,8.0815428828
102955,0.871861816625825,,0.0,0.871861816625825,8.0816561251
102960,0.8718589426695246,,0.0,0.8718589426695246,8.0683165257
102965,0.8718567639020155,,0.0,0.8718567639020155,8.0598783938
102970,0.8718553080799201,,0.0,0.8718553080799201,8.0523233705
102975,0.8718546319897219,,0.0,0.8718546319897219,8.0390242903
102980,0.8718547883435379,,0.0,0.8718547883435379,8.01807902
102985,0.8718556693525463,,0.0,0.8718556693525463,8.0045294922
102990,0.8718570539096056,,0.0,0.8718570539096056,7.9940869109
102995,0.8718588168370792,,0.0,0.8718588168370792,7.9799612403
103000,0.8718609282320271,,0.0,0.8718609282320271,7.9641558644
103005,0.871863422071756,,0.0,0.871863422071756,7.9453500574
103010,0.8718662556481737,,0.0,0.8718662556481737,7.9327110377
103015,0.871869291415031,,0.0,0.871869291415031,7.9242089962
103020,0.8718724919027072,,0.0,0.8718724919027072,7.9144871257
103025,0.871875796650513,,0.0,0.871875796650513,7.9082943502
103030,0.8718791938355097,,0.0,0.8718791938355097,7.90912872
103035,0.8718827504664757,,0.0,0.8718827504664757,7.9090857857
103040,0.8718864034998643,,0.0,0.8718864034998643,7.9023623648
103045,0.8718899819941722,,0.0,0.8718899819941722,7.8935183142
103050,0.8718933851452058,,0.0,0.8718933851452058,7.8790675652
103055,0.8718965533289758,,0.0,0.8718965533289758,7.8695778213
103060,0.8718995102641162,,0.0,0.8718995102641162,7.8725508025
103065,0.8719023642123666,,0.0,0.8719023642123666,7.8801433555
103070,0.8719050800323155,,0.0,0.8719050800323155,7.8918363889
103075,0.8719075796561896,,0.0,0.8719075796561896,7.895486281
103080,0.8719097532579839,,0.0,0.8719097532579839,7.8916119249
103085,0.8719115178224798,,0.0,0.8719115178224798,7.889005803
103090,0.8719129207141885,,0.0,0.8719129207141885,7.8793205182
103095,0.8719140970783931,,0.0,0.8719140970783931,7.8858475837
103100,0.8719151042472512,,0.0,0.8719151042472512,7.8888142883
103105,0.8719158638255853,,0.0,0.8719158638255853,7.9027745372
103110,0.8719163287762888,,0.0,0.8719163287762888,7.9127249385
103115,0.8719163920017267,,0.0,0.8719163920017267,7.9176369476
103120,0.8719159583363377,,0.0,0.8719159583363377,7.9218118025
103125,0.8719150085360156,,0.0,0.8719150085360156,7.919761573
103130,0.871913720890675,,0.0,0.871913720890675,7.9226523029
103135,0.8719122678697064,,0.0,0.8719122678697064,7.9227500432
103140,0.8719107230299777,,0.0,0.8719107230299777,7.9224336689
103145,0.8719090507207814,,0.0,0.8719090507207814,7.9241763915
103150,0.8719072182744286,,0.0,0.8719072182744286,7.9228098813
103155,0.8719052945913679,,0.0,0.8719052945913679,7.9091006698
103160,0.8719033577757507,,0.0,0.8719033577757507,7.8975719925
103165,0.8719014842947063,,0.0,0.8719014842947063,7.8874918359
103170,0.8718997515975773,,0.0,0.8718997515975773,7.8717104364
103175,0.8718981864951506,,0.0,0.8718981864951506,7.8646338924
103180,0.8718968409355997,,0.0,0.8718968409355997,7.8581284927
103185,0.8718958299834012,,0.0,0.8718958299834012,7.8642625045
103190,0.8718953091192926,,0.0,0.8718953091192926,7.8712055699
103195,0.8718954090140294,,0.0,0.8718954090140294,7.8797826813
103200,0.8718962580101579,,0.0,0.8718962580101579,7.8790356949
103205,0.8718978395919421,,0.0,0.8718978395919421,7.8720815421
103210,0.8719001738401886,,0.0,0.8719001738401886,7.8484070741
103215,0.8719032192836664,,0.0,0.8719032192836664,7.8194769282
103220,0.871906872026029,,0.0,0.871906872026029,7.8048341503
103225,0.8719110281709292,,0.0,0.8719110281709292,7.7951045448
103230,0.8719157938337886,,0.0,0.8719157938337886,7.7850884134
103235,0.8719211973169033,,0.0,0.8719211973169033,7.7834554191
103240,0.8719272413122657,,0.0,0.8719272413122657,7.8000032851
103245,0.8719339126509408,,0.0,0.8719339126509408,7.821040512
103250,0.8719411116928397,,0.0,0.8719411116928397,7.8272691102
103255,0.8719487717202106,,0.0,0.8719487717202106,7.8270915989
103260,0.8719568634121653,,0.0,0.8719568634121653,7.8162717489
103265,0.8719652650833817,,0.0,0.8719652650833817,7.8106027749
103270,0.8719738355497835,,0.0,0.8719738355497835,7.800770916
103275,0.8719824852844416,,0.0,0.8719824852844416,7.7936769726
103280,0.871991099732175,,0.0,0.871991099732175,7.804387073
103285,0.8719995095521246,,0.0,0.8719995095521246,7.8161118274
103290,0.8720075784712805,,0.0,0.8720075784712805,7.8200377212
103295,0.8720152133976431,,0.0,0.8720152133976431,7.8184850495
103300,0.8720223407743449,,0.0,0.8720223407743449,7.8072571048
103305,0.87202896220203,,0.0,0.87202896220203,7.7963300045
103310,0.8720350218764278,,0.0,0.8720350218764278,7.7856694882
103315,0.8720403585326556,,0.0,0.8720403585326556,7.7884922927
103320,0.8720448602711465,,0.0,0.8720448602711465,7.801746619
103325,0.872048585188002,,0.0,0.872048585188002,7.8075816819
103330,0.8720516112054824,,0.0,0.8720516112054824,7.8053835946
103335,0.8720540132264508,,0.0,0.8720540132264508,7.799275654
103340,0.8720558619338915,,0.0,0.8720558619338915,7.7935418022
103345,0.8720571507797154,,0.0,0.8720571507797154,7.7852437227
103350,0.8720577637536103,,0.0,0.8720577637536103,7.7870101272
103355,0.8720575522503328,,0.0,0.8720575522503328,7.7895988362
103360,0.8720564056435555,,0.0,0.8720564056435555,7.8002092545
103365,0.8720542379350413,,0.0,0.8720542379350413,7.8138991102
103370,0.8720511262831071,,0.0,0.8720511262831071,7.8212357448
103375,0.8720472785895812,,0.0,0.8720472785895812,7.8231774323
103380,0.8720429146883656,,0.0,0.8720429146883656,7.817625907
103385,0.8720382034110239,,0.0,0.8720382034110239,7.8020271998
103390,0.8720332299554708,,0.0,0.8720332299554708,7.7902288175
103395,0.8720280376482291,,0.0,0.8720280376482291,7.7733662223
103400,0.8720225917480483,,0.0,0.8720225917480483,7.7665943514
103405,0.8720167822106536,,0.0,0.8720167822106536,7.7660512398
103410,0.872010504994185,,0.0,0.872010504994185,7.7694500801
103415,0.872003730704998,,0.0,0.872003730704998,7.7673413903
103420,0.8719964815702176,,0.0,0.8719964815702176,7.7713634444
103425,0.8719888883697338,,0.0,0.8719888883697338,7.7811844116
103430,0.8719811494378895,,0.0,0.8719811494378895,7.7847771411
103435,0.8719734931938591,,0.0,0.8719734931938591,7.7870029505
103440,0.8719660279357604,,0.0,0.8719660279357604,7.7880249621
103445,0.8719587419861679,,0.0,0.8719587419861679,7.7827760839
103450,0.8719516337808157,,0.0,0.8719516337808157,7.7756010676
103455,0.8719446224144256,,0.0,0.8719446224144256,7.7632377475
103460,0.8719376711813204,,0.0,0.8719376711813204,7.7570179343
103465,0.8719308478542218,,0.0,0.8719308478542218,7.7565029683
103470,0.8719242255898365,,0.0,0.8719242255898365,7.7598089617
103475,0.8719178971163817,,0.0,0.8719178971163817,7.7642047027
103480,0.8719120184966471,,0.0,0.8719120184966471,7.7570647075
103485,0.8719066580126507,,0.0,0.8719066580126507,7.7511600459
103490,0.8719017546216508,,0.0,0.8719017546216508,7.7549961238
103495,0.8718973170180546,,0.0,0.8718973170180546,7.7643032956
103500,0.871893377978686,,0.0,0.871893377978686,7.7714295206
103505,0.8718900069132891,,0.0,0.8718900069132891,7.7736012589
103510,0.8718872596261343,,0.0,0.8718872596261343,7.7748230172
103515,0.8718851636919522,,0.0,0.8718851636919522,7.7710608951
103520,0.8718837150363765,,0.0,0.8718837150363765,7.760068517
103525,0.8718828999811765,,0.0,0.8718828999811765,7.7480906204
103530,0.8718826708708151,,0.0,0.8718826708708151,7.7458231564
103535,0.8718829833601776,,0.0,0.8718829833601776,7.7493514739
103540,0.8718838335931673,,0.0,0.8718838335931673,7.76150388
103545,0.8718852655147376,,0.0,0.8718852655147376,7.7762816793
103550,0.8718872981871033,,0.0,0.8718872981871033,7.7868243969
103555,0.8718899342295002,,0.0,0.8718899342295002,7.7879867491
103560,0.871893185210219,,0.0,0.871893185210219,7.7837103354
103565,0.8718970424712306,,0.0,0.8718970424712306,7.7806960612
103570,0.87190147305382,,0.0,0.87190147305382,7.7800949878
103575,0.8719063994722664,,0.0,0.8719063994722664,7.7776185829
103580,0.8719116849806429,,0.0,0.8719116849806429,7.7781287741
103585,0.8719172099671885,,0.0,0.8719172099671885,7.7721549963
103590,0.8719228782841286,,0.0,0.8719228782841286,7.7724536538
103595,0.8719286158652998,,0.0,0.8719286158652998,7.7733216616
103600,0.8719343648328706,,0.0,0.8719343648328706,7.7790642041
103605,0.8719401158376244,,0.0,0.8719401158376244,7.7882313101
103610,0.871945878519804,,0.0,0.871945878519804,7.7905587116
103615,0.871951657681341,,0.0,0.871951657681341,7.7807374989
103620,0.8719574302584107,,0.0,0.8719574302584107,7.7747781436
103625,0.8719631265866207,,0.0,0.8719631265866207,7.7642910284
103630,0.8719686414600064,,0.0,0.8719686414600064,7.7503832143
103635,0.8719738546119984,,0.0,0.8719738546119984,7.7376614265
103640,0.8719786762610195,,0.0,0.8719786762610195,7.7280434157
103645,0.8719830043296365,,0.0,0.8719830043296365,7.7332049253
103650,0.8719867706813447,,0.0,0.8719867706813447,7.7441880303
103655,0.8719899502878923,,0.0,0.8719899502878923,7.7592537233
103660,0.8719925448226801,,0.0,0.8719925448226801,7.7650455498
103665,0.8719946121271613,,0.0,0.8719946121271613,7.7617074648
103670,0.8719961798488237,,0.0,0.8719961798488237,7.7463661217
103675,0.8719972344913277,,0.0,0.8719972344913277,7.7347032801
103680,0.8719977272714098,,0.0,0.8719977272714098,7.7287429335
103685,0.8719976159175171,,0.0,0.8719976159175171,7.7267172156
103690,0.8719968252357597,,0.0,0.8719968252357597,7.7278266685
103695,0.8719952952747446,,0.0,0.8719952952747446,7.7148096192
103700,0.8719929345067373,,0.0,0.8719929345067373,7.7030410771
103705,0.8719897353650572,,0.0,0.8719897353650572,7.6905911499
103710,0.8719857453597284,,0.0,0.8719857453597284,7.6849262663
103715,0.8719810198948603,,0.0,0.8719810198948603,7.6775822046
103720,0.8719756508255916,,0.0,0.8719756508255916,7.672789224
103725,0.8719697774443282,,0.0,0.8719697774443282,7.6649859097
103730,0.8719635863352311,,0.0,0.8719635863352311,7.659662956
103735,0.8719572259944094,,0.0,0.8719572259944094,7.6624656857
103740,0.8719507896957541,,0.0,0.8719507896957541,7.6666370769
103745,0.8719443312063526,,0.0,0.8719443312063526,7.6677405988
103750,0.8719378788648792,,0.0,0.8719378788648792,7.6683626774
103755,0.8719314466042123,,0.0,0.8719314466042123,7.6719035248
103760,0.8719250297679331,,0.0,0.8719250297679331,7.6626493815
103765,0.8719186402517365,,0.0,0.8719186402517365,7.6568417023
103770,0.8719123626714852,,0.0,0.8719123626714852,7.6503935989
103775,0.8719063461053405,,0.0,0.8719063461053405,7.6467619509
103780,0.8719007358845019,,0.0,0.8719007358845019,7.6419942443
103785,0.8718957036052818,,0.0,0.8718957036052818,7.6378380853
103790,0.8718913969270892,,0.0,0.8718913969270892,7.6341554224
103795,0.8718879066137144,,0.0,0.8718879066137144,7.6351916494
103800,0.871885298000535,,0.0,0.871885298000535,7.6439477401
103805,0.8718835686502071,,0.0,0.8718835686502071,7.6538990161
103810,0.8718826468247768,,0.0,0.8718826468247768,7.6686404449
103815,0.8718825064046442,,0.0,0.8718825064046442,7.6737443361
103820,0.8718832560517098,,0.0,0.8718832560517098,7.6720925552
103825,0.8718850595773358,,0.0,0.8718850595773358,7.6594048442
103830,0.8718880254979094,,0.0,0.8718880254979094,7.6391079392
103835,0.8718921116873913,,0.0,0.8718921116873913,7.6164853466
103840,0.8718973300414762,,0.0,0.8718973300414762,7.5988529313
103845,0.8719036234462763,,0.0,0.8719036234462763,7.6004961238
103850,0.8719107406370618,,0.0,0.8719107406370618,7.6143127535
103855,0.8719184319861253,,0.0,0.8719184319861253,7.6322615007
103860,0.8719267273600289,,0.0,0.8719267273600289,7.6424167613
103865,0.8719357820939969,,0.0,0.8719357820939969,7.6438240166
103870,0.8719457315515823,,0.0,0.8719457315515823,7.6329119013
103875,0.8719565012664605,,0.0,0.8719565012664605,7.6231216698
103880,0.8719678554346681,,0.0,0.8719678554346681,7.611935624
103885,0.8719795576338106,,0.0,0.8719795576338106,7.6043148085
103890,0.8719914048003699,,0.0,0.8719914048003699,7.6085582938
103895,0.8720031992911903,,0.0,0.8720031992911903,7.6181286909
103900,0.8720148535073913,,0.0,0.8720148535073913,7.610947843
103905,0.8720263863656743,,0.0,0.8720263863656743,7.590297362
103910,0.8720378326072902,,0.0,0.8720378326072902,7.5674212688
103915,0.8720492429435508,,0.0,0.8720492429435508,7.553633364
103920,0.8720605673543314,,0.0,0.8720605673543314,7.5535365356
103925,0.8720715523558276,,0.0,0.8720715523558276,7.5672160016
103930,0.8720819062306705,,0.0,0.8720819062306705,7.5874840103
103935,0.8720913838256804,,0.0,0.8720913838256804,7.6040146044
103940,0.8720998135081668,,0.0,0.8720998135081668,7.6037521116
103945,0.8721072464623594,,0.0,0.8721072464623594,7.5945737366
103950,0.8721137850930958,,0.0,0.8721137850930958,7.5898750604
103955,0.8721194788748267,,0.0,0.8721194788748267,7.5966514787
103960,0.8721243322820799,,0.0,0.8721243322820799,7.6095234508
103965,0.8721283134474883,,0.0,0.8721283134474883,7.6361681901
103970,0.8721312424077371,,0.0,0.8721312424077371,7.6605908676
103975,0.872132987364344,,0.0,0.872132987364344,7.6798475954
103980,0.8721334241218861,,0.0,0.8721334241218861,7.6866223738
103985,0.8721324160799494,,0.0,0.8721324160799494,7.6770026675
103990,0.8721298371878189,,0.0,0.8721298371878189,7.6559817394
103995,0.8721257062166834,,0.0,0.8721257062166834,7.6345568967
104000,0.872120238344026,,0.0,0.872120238344026,7.6232834427
104005,0.8721135604208835,,0.0,0.8721135604208835,7.6069921162
104010,0.8721057020591699,,0.0,0.8721057020591699,7.6096924363
104015,0.8720966913065336,,0.0,0.8720966913065336,7.6212142581
104020,0.872086491020758,,0.0,0.872086491020758,7.6386960442
104025,0.8720751227377805,,0.0,0.8720751227377805,7.6481934674
104030,0.8720626618333824,,0.0,0.8720626618333824,7.6521319856
104035,0.8720490393343584,,0.0,0.8720490393343584,7.6561691211
104040,0.8720341849215076,,0.0,0.8720341849215076,7.6600288985
104045,0.8720179885141766,,0.0,0.8720179885141766,7.6589808578
104050,0.8720005208681059,,0.0,0.8720005208681059,7.6615953524
104055,0.8719820517645657,,0.0,0.8719820517645657,7.6700681316
104060,0.8719629289070867,,0.0,0.8719629289070867,7.6805456342
104065,0.871943453107606,,0.0,0.871943453107606,7.6851248654
104070,0.8719237991637239,,0.0,0.8719237991637239,7.6819800838
104075,0.8719041465294595,,0.0,0.8719041465294595,7.6611890765
104080,0.8718846208189887,,0.0,0.8718846208189887,7.6418237488
104085,0.8718653790773145,,0.0,0.8718653790773145,7.6399447448
104090,0.8718464567004964,,0.0,0.8718464567004964,7.6536217148
104095,0.8718279560933723,,0.0,0.8718279560933723,7.6729292472
104100,0.8718101247009526,,0.0,0.8718101247009526,7.6993321643
104105,0.8717932835251162,,0.0,0.8717932835251162,7.7159307118
104110,0.8717777738668173,,0.0,0.8717777738668173,7.7167708014
104115,0.8717638883892599,,0.0,0.8717638883892599,7.7105697476
104120,0.8717518579853409,,0.0,0.8717518579853409,7.6986929316
104125,0.8717419558558885,,0.0,0.8717419558558885,7.6849428569
104130,0.8717343448300511,,0.0,0.8717343448300511,7.6750432724
104135,0.8717291340062686,,0.0,0.8717291340062686,7.6692757095
104140,0.871726302576169,,0.0,0.871726302576169,7.6660654924
104145,0.8717257595576923,,0.0,0.8717257595576923,7.6672785686
104150,0.8717273881765831,,0.0,0.8717273881765831,7.6678899655
104155,0.8717311031621702,,0.0,0.8717311031621702,7.6681727555
104160,0.8717368603876088,,0.0,0.8717368603876088,7.6567640954
104165,0.8717445430786435,,0.0,0.8717445430786435,7.6440030885
104170,0.8717539383496223,,0.0,0.8717539383496223,7.6403312811
104175,0.8717648442647535,,0.0,0.8717648442647535,7.6389403146
104180,0.8717772101127252,,0.0,0.8717772101127252,7.6411431516
104185,0.8717909411645148,,0.0,0.8717909411645148,7.639221923
104190,0.8718057978328186,,0.0,0.8718057978328186,7.6311652476
104195,0.8718214178991751,,0.0,0.8718214178991751,7.6206094877
104200,0.8718374148080587,,0.0,0.8718374148080587,7.608793336
104205,0.8718535045542941,,0.0,0.8718535045542941,7.5953090611
104210,0.8718694276880407,,0.0,0.8718694276880407,7.5927092536
104215,0.8718849593188163,,0.0,0.8718849593188163,7.5913501894
104220,0.8718998238084485,,0.0,0.8718998238084485,7.5895823052
104225,0.8719137948477033,,0.0,0.8719137948477033,7.5843334211
104230,0.8719268104843819,,0.0,0.8719268104843819,7.5859423373
104235,0.8719387831196038,,0.0,0.8719387831196038,7.5867516528
104240,0.8719497751784849,,0.0,0.8719497751784849,7.5890342987
104245,0.8719598444661005,,0.0,0.8719598444661005,7.5864015247
104250,0.8719690436581895,,0.0,0.8719690436581895,7.5793436717
104255,0.8719773151679462,,0.0,0.8719773151679462,7.5773230981
104260,0.871984605155527,,0.0,0.871984605155527,7.5814360933
104265,0.8719909376305919,,0.0,0.8719909376305919,7.5943721733
104270,0.8719963669786585,,0.0,0.8719963669786585,7.6086314854
104275,0.8720009153904733,,0.0,0.8720009153904733,7.6218602008
104280,0.872004694219929,,0.0,0.872004694219929,7.622956156
104285,0.8720079216639053,,0.0,0.8720079216639053,7.6107761567
104290,0.8720107755757773,,0.0,0.8720107755757773,7.6010573843
104295,0.8720133824791778,,0.0,0.8720133824791778,7.5991137356
104300,0.872015835284215,,0.0,0.872015835284215,7.5956791302
104305,0.8720182551669154,,0.0,0.8720182551669154,7.5839929819
104310,0.8720207571553774,,0.0,0.8720207571553774,7.572646908
104315,0.8720235412573443,,0.0,0.8720235412573443,7.5683191745
104320,0.8720267984951259,,0.0,0.8720267984951259,7.5653699184
104325,0.8720305855824495,,0.0,0.8720305855824495,7.5703797612
104330,0.8720349228911478,,0.0,0.8720349228911478,7.5783174348
104335,0.8720397468683783,,0.0,0.8720397468683783,7.5779954291
104340,0.8720450424535361,,0.0,0.8720450424535361,7.5857964715
104345,0.8720507652651287,,0.0,0.8720507652651287,7.5941409951
104350,0.8720568826718454,,0.0,0.8720568826718454,7.6013849096
104355,0.8720633317756525,,0.0,0.8720633317756525,7.6059020871
104360,0.8720700683041924,,0.0,0.8720700683041924,7.6070695036
104365,0.8720769555479161,,0.0,0.8720769555479161,7.6071734233
104370,0.8720838832806572,,0.0,0.8720838832806572,7.5988379696
104375,0.8720907765995525,,0.0,0.8720907765995525,7.5907942777
104380,0.8720975142558187,,0.0,0.8720975142558187,7.5790156575
104385,0.8721038900937846,,0.0,0.8721038900937846,7.5621168887
104390,0.8721097166925892,,0.0,0.8721097166925892,7.5419569176
104395,0.872114864982121,,0.0,0.872114864982121,7.5321853962
104400,0.8721192259003182,,0.0,0.8721192259003182,7.5296114194
104405,0.8721226730690617,,0.0,0.8721226730690617,7.5323751824
104410,0.8721250797828274,,0.0,0.8721250797828274,7.5411440649
104415,0.8721263469472006,,0.0,0.8721263469472006,7.5466719313
104420,0.8721264521895435,,0.0,0.8721264521895435,7.5499704466
104425,0.8721253349764104,,0.0,0.8721253349764104,7.5498325738
104430,0.8721229977451456,,0.0,0.8721229977451456,7.5482223335
104435,0.8721195652732243,,0.0,0.8721195652732243,7.54967041
104440,0.8721150897998463,,0.0,0.8721150897998463,7.5489816942
104445,0.872109683697496,,0.0,0.872109683697496,7.5496617636
104450,0.8721034708341917,,0.0,0.8721034708341917,7.5466008502
104455,0.8720965085420915,,0.0,0.8720965085420915,7.5422382936
104460,0.8720888534257876,,0.0,0.8720888534257876,7.5402724863
104465,0.872080611164162,,0.0,0.872080611164162,7.5405674266
104470,0.8720720346225888,,0.0,0.8720720346225888,7.5451728929
104475,0.872063350110302,,0.0,0.872063350110302,7.549444024
104480,0.8720546673805506,,0.0,0.8720546673805506,7.5514105612
104485,0.8720460325973628,,0.0,0.8720460325973628,7.5455927409
104490,0.8720374881778042,,0.0,0.8720374881778042,7.5370140084
104495,0.8720290179699219,,0.0,0.8720290179699219,7.5158867948
104500,0.8720205934895285,,0.0,0.8720205934895285,7.4991703529
104505,0.8720121749751719,,0.0,0.8720121749751719,7.4931734507
104510,0.8720036799209294,,0.0,0.8720036799209294,7.4963076331
104515,0.8719950899557734,,0.0,0.8719950899557734,7.5057716854
104520,0.8719864263973718,,0.0,0.8719864263973718,7.508633549
104525,0.8719777510160315,,0.0,0.8719777510160315,7.5038130296
104530,0.8719690806912711,,0.0,0.8719690806912711,7.4955768936
104535,0.8719603527069485,,0.0,0.8719603527069485,7.4887911027
104540,0.8719515341407268,,0.0,0.8719515341407268,7.4859750888
104545,0.871942634851118,,0.0,0.871942634851118,7.4923818266
104550,0.8719336339933719,,0.0,0.8719336339933719,7.5021505643
104555,0.8719245217817329,,0.0,0.8719245217817329,7.5173190124
104560,0.8719153329574516,,0.0,0.8719153329574516,7.52098605
104565,0.8719060904752182,,0.0,0.8719060904752182,7.5220856305
104570,0.8718967912428792,,0.0,0.8718967912428792,7.5281382563
104575,0.8718874260203536,,0.0,0.8718874260203536,7.5345746298
104580,0.8718780504663985,,0.0,0.8718780504663985,7.5390930029
104585,0.8718687804458126,,0.0,0.8718687804458126,7.5389804193
104590,0.8718598015969214,,0.0,0.8718598015969214,7.5460474853
104595,0.8718512349502382,,0.0,0.8718512349502382,7.5502797023
104600,0.8718432102670618,,0.0,0.8718432102670618,7.548056698
104605,0.8718358287153686,,0.0,0.8718358287153686,7.5344211659
104610,0.8718291086298081,,0.0,0.8718291086298081,7.5245139302
104615,0.8718230908631803,,0.0,0.8718230908631803,7.5173614857
104620,0.8718179744410156,,0.0,0.8718179744410156,7.5080208815
104625,0.8718139125158417,,0.0,0.8718139125158417,7.4975676413
104630,0.8718110140769637,,0.0,0.8718110140769637,7.4935709251
104635,0.8718093388938839,,0.0,0.8718093388938839,7.5011197957
104640,0.8718089118857189,,0.0,0.8718089118857189,7.5076415863
104645,0.871809718028242,,0.0,0.871809718028242,7.5181846787
104650,0.8718117318930408,,0.0,0.8718117318930408,7.5289115475
104655,0.8718148945473133,,0.0,0.8718148945473133,7.521150119
104660,0.8718192002432927,,0.0,0.8718192002432927,7.5054682826
104665,0.8718246248258056,,0.0,0.8718246248258056,7.4939073183
104670,0.8718311715688968,,0.0,0.8718311715688968,7.4878670164
104675,0.8718389744537445,,0.0,0.8718389744537445,7.487272956
104680,0.8718481295189887,,0.0,0.8718481295189887,7.4881410763
104685,0.8718586786360213,,0.0,0.8718586786360213,7.4896028699
104690,0.8718705538502287,,0.0,0.8718705538502287,7.4943854695
104695,0.871883650283051,,0.0,0.871883650283051,7.4946030725
104700,0.8718978558166517,,0.0,0.8718978558166517,7.4996887717
104705,0.8719130292669541,,0.0,0.8719130292669541,7.5119668092
104710,0.8719289714265372,,0.0,0.8719289714265372,7.5223103959
104715,0.871945496875345,,0.0,0.871945496875345,7.5266761273
104720,0.8719623845789923,,0.0,0.8719623845789923,7.5268581028
104725,0.8719794356574622,,0.0,0.8719794356574622,7.5244157145
104730,0.8719964410084434,,0.0,0.8719964410084434,7.5285902154
104735,0.8720132847671374,,0.0,0.8720132847671374,7.5324731979
104740,0.8720299154582879,,0.0,0.8720299154582879,7.535178935
104745,0.8720462081225285,,0.0,0.8720462081225285,7.5427259246
104750,0.8720619989121189,,0.0,0.8720619989121189,7.5514611408
104755,0.8720770776333993,,0.0,0.8720770776333993,7.5559286692
104760,0.8720911618818387,,0.0,0.8720911618818387,7.5406722389
104765,0.8721039420419581,,0.0,0.8721039420419581,7.5108034371
104770,0.872115155389872,,0.0,0.872115155389872,7.4884861911
104775,0.8721246307294291,,0.0,0.8721246307294291,7.4748215613
104780,0.872132238481222,,0.0,0.872132238481222,7.4745361595
104785,0.8721378294579544,,0.0,0.8721378294579544,7.4735540393
104790,0.8721414031867084,,0.0,0.8721414031867084,7.4675168293
104795,0.8721429997199628,,0.0,0.8721429997199628,7.453283328
104800,0.8721426100359055,,0.0,0.8721426100359055,7.4431968647
104805,0.8721402537060475,,0.0,0.8721402537060475,7.4486397824
104810,0.8721359513932475,,0.0,0.8721359513932475,7.4508178145
104815,0.8721297011694573,,0.0,0.8721297011694573,7.4599873438
104820,0.8721215851040598,,0.0,0.8721215851040598,7.4707567442
104825,0.8721117002906651,,0.0,0.8721117002906651,7.4852914165
104830,0.8721001302901656,,0.0,0.8721001302901656,7.4963939248
104835,0.8720869765251855,,0.0,0.8720869765251855,7.4979255134
104840,0.8720724291813345,,0.0,0.8720724291813345,7.4976235509
104845,0.8720567096931587,,0.0,0.8720567096931587,7.4950994082
104850,0.8720401039575032,,0.0,0.8720401039575032,7.4990195972
104855,0.8720229858702548,,0.0,0.8720229858702548,7.5077379235
104860,0.8720058000466627,,0.0,0.8720058000466627,7.5166199577
104865,0.8719890200227027,,0.0,0.8719890200227027,7.5162191951
104870,0.8719729638536129,,0.0,0.8719729638536129,7.5057165398
104875,0.8719578617774815,,0.0,0.8719578617774815,7.4995994648
104880,0.8719439338101016,,0.0,0.8719439338101016,7.4922036678
104885,0.8719314180108899,,0.0,0.8719314180108899,7.4862441991
104890,0.8719204623302815,,0.0,0.8719204623302815,7.4878620589
104895,0.8719112012587508,,0.0,0.8719112012587508,7.4923478664
104900,0.8719036640808069,,0.0,0.8719036640808069,7.4938874279
104905,0.8718978025588605,,0.0,0.8718978025588605,7.4952455994
104910,0.8718935979581011,,0.0,0.8718935979581011,7.4972632997
104915,0.8718910900763589,,0.0,0.8718910900763589,7.5003830102
104920,0.8718903399563757,,0.0,0.8718903399563757,7.4975566133
104925,0.8718913452699418,,0.0,0.8718913452699418,7.4885477827
104930,0.8718940658554446,,0.0,0.8718940658554446,7.4712749117
104935,0.8718984193888525,,0.0,0.8718984193888525,7.465236148
104940,0.8719041909837087,,0.0,0.8719041909837087,7.4578954907
104945,0.8719111831423709,,0.0,0.8719111831423709,7.4606645894
104950,0.8719192256872791,,0.0,0.8719192256872791,7.4812242841
104955,0.871928118974473,,0.0,0.871928118974473,7.4960048967
104960,0.8719375471314104,,0.0,0.8719375471314104,7.5082522855
104965,0.871947196359111,,0.0,0.871947196359111,7.5085727405
104970,0.8719567549321561,,0.0,0.8719567549321561,7.4972235491
104975,0.871965902103315,,0.0,0.871965902103315,7.4809308471
104980,0.8719744664581671,,0.0,0.8719744664581671,7.4785455761
104985,0.8719823451189568,,0.0,0.8719823451189568,7.4813356217
104990,0.8719894605999634,,0.0,0.8719894605999634,7.4936316209
104995,0.871995784635269,,0.0,0.871995784635269,7.5047155709
105000,0.8720013065296615,,0.0,0.8720013065296615,7.5030854985
